path	lvm_blob	reference_blob	content_relation
apps/mobile/app/(tabs)/_layout.tsx	0a2564baee09045ece9d76db48574d817afa2d6f	0a2564baee09045ece9d76db48574d817afa2d6f	IDENTICAL
apps/mobile/app/(tabs)/daily.tsx	9df1206aa3d91b0288d632ce6088ab5e0b05256a	9df1206aa3d91b0288d632ce6088ab5e0b05256a	IDENTICAL
apps/mobile/app/(tabs)/index.tsx	70323ab863e576d2b20e8dabc136e6a63217564f	70323ab863e576d2b20e8dabc136e6a63217564f	IDENTICAL
apps/mobile/app/(tabs)/setlists.tsx	7c969792c0d42f9d04625f9300581da10cd92829	7c969792c0d42f9d04625f9300581da10cd92829	IDENTICAL
apps/mobile/app/(tabs)/songs.tsx	453aeb994f240b567bd28a66876fd27e68fd4fdc	453aeb994f240b567bd28a66876fd27e68fd4fdc	IDENTICAL
apps/mobile/app/(tabs)/utilities.tsx	33402883470bd781c0d3ff99b506ce64ea8ab52f	33402883470bd781c0d3ff99b506ce64ea8ab52f	IDENTICAL
apps/mobile/app/+native-intent.tsx	5215101f0f0df8ff23d7a0cfb4ddd9b9abf4cb35	5215101f0f0df8ff23d7a0cfb4ddd9b9abf4cb35	IDENTICAL
apps/mobile/app/_layout.tsx	d9392dffea4132b2481910b010e99c424820d058	4f71a7b26b3f072fdd297ad3eee3bfa8cfb9cc18	DIFFERENT_REVIEW_REQUIRED
apps/mobile/app/about.tsx	6bd866282059f269edc1d2cfaa3b9ac391a2430a	ed2fb6a5720060c1bb903587cca07afc5f08e405	DIFFERENT_REVIEW_REQUIRED
apps/mobile/app/account/index.tsx	5c9f76bfe06c41a19f4c1ab41eb4482ed721a3f3	5c9f76bfe06c41a19f4c1ab41eb4482ed721a3f3	IDENTICAL
apps/mobile/app/account/password.tsx	1074928069e826cf9d4501ad8bc27a58a14b7d8f	1074928069e826cf9d4501ad8bc27a58a14b7d8f	IDENTICAL
apps/mobile/app/auth-link.tsx	382b7638bbc23f0afd9b0b85eafb19717183cb45	382b7638bbc23f0afd9b0b85eafb19717183cb45	IDENTICAL
apps/mobile/app/capo.tsx	3d4af5a02a02b6d85cc045f50096a0b4d90c8830	3d4af5a02a02b6d85cc045f50096a0b4d90c8830	IDENTICAL
apps/mobile/app/choose-icon.tsx	a9a6091b684551f0d8536c2835739645416a84c4	a9a6091b684551f0d8536c2835739645416a84c4	IDENTICAL
apps/mobile/app/daily/journal.tsx	f587c512519bfca8ef9d624ac126fba97b462f9b	f587c512519bfca8ef9d624ac126fba97b462f9b	IDENTICAL
apps/mobile/app/daily/reader.tsx	0f138ab509f38e56dfa98023d6a9882972f8fccd	0f138ab509f38e56dfa98023d6a9882972f8fccd	IDENTICAL
apps/mobile/app/daily/reflection.tsx	5ed17746fc4f9aab4d29f947f9fc4230d9e5e61b	5ed17746fc4f9aab4d29f947f9fc4230d9e5e61b	IDENTICAL
apps/mobile/app/devotional/[date]/[slug].tsx	b6a9e6f4660c847462dc8e04deb4a8d755015308	b6a9e6f4660c847462dc8e04deb4a8d755015308	IDENTICAL
apps/mobile/app/editor/[draftId].tsx	3d5339db8f7411b90624807b1566e0de3c244ba3	3d5339db8f7411b90624807b1566e0de3c244ba3	IDENTICAL
apps/mobile/app/forgot-password.tsx	0dcdfee7a540e45b2b0f807a6ae33bb5b4617066	0dcdfee7a540e45b2b0f807a6ae33bb5b4617066	IDENTICAL
apps/mobile/app/intro.tsx	5db5590f23ee34eedb603452f89424bae5c142f4	5db5590f23ee34eedb603452f89424bae5c142f4	IDENTICAL
apps/mobile/app/key-reference.tsx	7dc7cd7157a932a2e994518f4d7673f212382b32	7dc7cd7157a932a2e994518f4d7673f212382b32	IDENTICAL
apps/mobile/app/login.tsx	208263a1362d343f50ac1168bbbde79963ce7878	208263a1362d343f50ac1168bbbde79963ce7878	IDENTICAL
apps/mobile/app/metronome.tsx	bf1dabb09ebc67784380581bfb40bcb5e6572c55	bf1dabb09ebc67784380581bfb40bcb5e6572c55	IDENTICAL
apps/mobile/app/offline.tsx	d1217d1312ae6e659dd7ff546f29c70e7d61aa3b	d1217d1312ae6e659dd7ff546f29c70e7d61aa3b	IDENTICAL
apps/mobile/app/perform/[id].tsx	e691b434027d8a33e6e3f6106ad6144990271711	e691b434027d8a33e6e3f6106ad6144990271711	IDENTICAL
apps/mobile/app/pitch-pipe.tsx	f6e4aade1959b4d87ec3946f881b618374f28747	f6e4aade1959b4d87ec3946f881b618374f28747	IDENTICAL
apps/mobile/app/reset-password.tsx	f7d4bb10fbb8c34a022cd77bc92cd4dfbd147f70	f7d4bb10fbb8c34a022cd77bc92cd4dfbd147f70	IDENTICAL
apps/mobile/app/session/[code].tsx	783f3a507de5763322bb9c7bdb49a36691ad3603	783f3a507de5763322bb9c7bdb49a36691ad3603	IDENTICAL
apps/mobile/app/setlist/[id].tsx	7ea4d51d593dbe8e3ba80063430e8887f96e4d6a	7ea4d51d593dbe8e3ba80063430e8887f96e4d6a	IDENTICAL
apps/mobile/app/setlist/import.tsx	50bf0a7cab34c6a346da17c244cb8d6d2ea5ad74	50bf0a7cab34c6a346da17c244cb8d6d2ea5ad74	IDENTICAL
apps/mobile/app/settings.tsx	8de985f576a3e462994354a2ee4fb085ccda06fb	8de985f576a3e462994354a2ee4fb085ccda06fb	IDENTICAL
apps/mobile/app/sheet.tsx	20d567c8b3e5c5c698f95be4e8670ebd5b8c0988	20d567c8b3e5c5c698f95be4e8670ebd5b8c0988	IDENTICAL
apps/mobile/app/songbook.tsx	50e958d50687bcd1ce70b5e851f9997c727ac727	50e958d50687bcd1ce70b5e851f9997c727ac727	IDENTICAL
apps/mobile/app/tuner.tsx	da1f1771d3a82316e6fea1ca7fc6a34e5495169b	da1f1771d3a82316e6fea1ca7fc6a34e5495169b	IDENTICAL
apps/mobile/app/viewer/[slug].tsx	9d37e1e9639f75a701b1741b10badeec4cb0464c	0fbe580cdf54b8a39973913b4e5352321aeb273d	DIFFERENT_REVIEW_REQUIRED
apps/mobile/assets/README.md	830800dd68116a4da41116358a0d12958c62b748	7f1c13bcb147f1aa624394bdd6bc16dc8e33b1ef	DIFFERENT_REVIEW_REQUIRED
apps/mobile/assets/adaptive-icon.png	5699bd95b659107eb5796f5db2d130dc0d7d5d2e	5699bd95b659107eb5796f5db2d130dc0d7d5d2e	IDENTICAL
apps/mobile/assets/fonts/MaterialSymbolsFilled.ttf	4efdc98a7004737532cb35d1b47e7fd71d64f43f	4efdc98a7004737532cb35d1b47e7fd71d64f43f	IDENTICAL
apps/mobile/assets/fonts/MaterialSymbolsOutlined.ttf	ecf7aa3743695e6ef26c9cbe0610dc4f6cba129f	ecf7aa3743695e6ef26c9cbe0610dc4f6cba129f	IDENTICAL
apps/mobile/assets/google-g.webp	0450c1365c66d7cabd2d42c9ca5106b9771617ae	0450c1365c66d7cabd2d42c9ca5106b9771617ae	IDENTICAL
apps/mobile/assets/mark.webp	8b582342f9697c77d3e310fe976b665a1f6ce8d8	8b582342f9697c77d3e310fe976b665a1f6ce8d8	IDENTICAL
apps/mobile/assets/splash-icon-dark.png	729c961ed6f2b3e85142f434e34a4932e8bf56e8	729c961ed6f2b3e85142f434e34a4932e8bf56e8	IDENTICAL
apps/mobile/assets/splash-icon.png	f88a59fcad8729eee660f54093538e245becf82f	f88a59fcad8729eee660f54093538e245becf82f	IDENTICAL
apps/mobile/assets/splash-mark-dark.png	d2855b0d8bf8a22ee6b2d783b08f17f6ed73cedf	d2855b0d8bf8a22ee6b2d783b08f17f6ed73cedf	IDENTICAL
apps/mobile/assets/splash-mark.png	a36f709d33a1dfe9489c8fef913a95c90cf2dbbe	a36f709d33a1dfe9489c8fef913a95c90cf2dbbe	IDENTICAL
apps/mobile/assets/sprites/acoustic.webp	5f84987aa72377e9207a6ddc93d81bfbefab4286	5f84987aa72377e9207a6ddc93d81bfbefab4286	IDENTICAL
apps/mobile/assets/sprites/bible.webp	341652f6704f56f5142098f7d4afa7ec1526f4c9	341652f6704f56f5142098f7d4afa7ec1526f4c9	IDENTICAL
apps/mobile/assets/sprites/boba.webp	c2389d2cddd61a2e399b224e20979273f447313f	c2389d2cddd61a2e399b224e20979273f447313f	IDENTICAL
apps/mobile/assets/sprites/charlie.webp	89a5111c947b8452029281128e9efcb64371e102	89a5111c947b8452029281128e9efcb64371e102	IDENTICAL
apps/mobile/assets/sprites/drums.webp	4168e841fd356eb2fa7faa7774d9c79f3c2861e1	4168e841fd356eb2fa7faa7774d9c79f3c2861e1	IDENTICAL
apps/mobile/assets/sprites/elec.webp	b8b2732bb1e839c76286d8a4c244934bfce34229	b8b2732bb1e839c76286d8a4c244934bfce34229	IDENTICAL
apps/mobile/assets/sprites/heart.webp	b3a1cead0c3a50d21092a0ac9cdeeaa153a45183	b3a1cead0c3a50d21092a0ac9cdeeaa153a45183	IDENTICAL
apps/mobile/assets/sprites/keys.webp	fcb5dfd0d545bc1b02fc374e45003b5d9403c80e	fcb5dfd0d545bc1b02fc374e45003b5d9403c80e	IDENTICAL
apps/mobile/assets/sprites/lamb.webp	18ca7a49e25affa2eaac6f112350c08d308655f4	18ca7a49e25affa2eaac6f112350c08d308655f4	IDENTICAL
apps/mobile/assets/sprites/lion.webp	fd682d15e5cd526d77a66a0af2f1585dc6884f6c	fd682d15e5cd526d77a66a0af2f1585dc6884f6c	IDENTICAL
apps/mobile/assets/sprites/mic.webp	4bc2f56977f3babd52c7c033256a135562587ec3	4bc2f56977f3babd52c7c033256a135562587ec3	IDENTICAL
apps/mobile/assets/sprites/notes.webp	1fd2878a8a7fc7c390eaf9f80ff42c0c8419c44e	1fd2878a8a7fc7c390eaf9f80ff42c0c8419c44e	IDENTICAL
apps/mobile/assets/sprites/shepherd.webp	782a3eb19bbcc8cef31e4f0785eb55bd14957bf9	782a3eb19bbcc8cef31e4f0785eb55bd14957bf9	IDENTICAL
apps/mobile/assets/sprites/star.webp	6d0cb6ef0824a92ca9647c40bf6c5fe66d9a31cb	6d0cb6ef0824a92ca9647c40bf6c5fe66d9a31cb	IDENTICAL
apps/mobile/assets/sprites/thomas.webp	955a3f69ab34d7f26a5b2a5c31919c866b9655c0	955a3f69ab34d7f26a5b2a5c31919c866b9655c0	IDENTICAL
apps/mobile/src/components/AccidentalToggle.tsx	6a1e9888e99bc78d47c6e016b932bd3131d98acb	6a1e9888e99bc78d47c6e016b932bd3131d98acb	IDENTICAL
apps/mobile/src/components/AlphaScrubber.tsx	133fe711687b58a0bb187a266f0ea3116be290d4	133fe711687b58a0bb187a266f0ea3116be290d4	IDENTICAL
apps/mobile/src/components/AutoFitChart.tsx	945e34d64f732d7c9a1236815fc5caa78cbca26b	5de1d293787b78d2e13ad48d76fc966daacec5dd	DIFFERENT_REVIEW_REQUIRED
apps/mobile/src/components/BottomSheet.tsx	f6f2d5f95c8bfaa57b09d472d2ab9b0bd17e47e9	f6f2d5f95c8bfaa57b09d472d2ab9b0bd17e47e9	IDENTICAL
apps/mobile/src/components/Button.tsx	a14f67c16bd62c925ed97bfe884786eefa0d0673	9e1d502df409fad6859262e64191f58aa5c49bc4	DIFFERENT_REVIEW_REQUIRED
apps/mobile/src/components/Card.tsx	b54a3065c9c1c7dc3f87db08c069c05252105683	b54a3065c9c1c7dc3f87db08c069c05252105683	IDENTICAL
apps/mobile/src/components/Chip.tsx	b0320f75db093e65a581307e51803c12c84e7686	b0320f75db093e65a581307e51803c12c84e7686	IDENTICAL
apps/mobile/src/components/ChordChart.tsx	12dc46062d39ca69cf89cc917334a40c2a3ef236	96883f479a964bae4da1c612fd0a37f330a52d00	DIFFERENT_REVIEW_REQUIRED
apps/mobile/src/components/ConstrainedContent.tsx	73147fa68dc55044bf9b4e18bf58b6d5817ab31c	73147fa68dc55044bf9b4e18bf58b6d5817ab31c	IDENTICAL
apps/mobile/src/components/DangerCard.tsx	c9f81b832203c5ec20b3b5e320a481b5bb82b18a	c9f81b832203c5ec20b3b5e320a481b5bb82b18a	IDENTICAL
apps/mobile/src/components/EmptyState.tsx	3543526b82d4cf8c58241e0144a699bc566fc984	3543526b82d4cf8c58241e0144a699bc566fc984	IDENTICAL
apps/mobile/src/components/ExportSheet.tsx	9be25118b6a45f53663a391a1a29a6eca4cf8e2b	7a3c3188a02bc5a0ea2f488e2c6517e1155b90ea	DIFFERENT_REVIEW_REQUIRED
apps/mobile/src/components/FilterSortSheet.tsx	f06cec5bdf9800061763c579231d895abc896d18	f06cec5bdf9800061763c579231d895abc896d18	IDENTICAL
apps/mobile/src/components/FormSheetShell.tsx	13816d6da94f84865f1b488bdee919094a792d80	13816d6da94f84865f1b488bdee919094a792d80	IDENTICAL
apps/mobile/src/components/GlassSurface.tsx	27590f8f52795c71166ba26af4026c687183d40f	27590f8f52795c71166ba26af4026c687183d40f	IDENTICAL
apps/mobile/src/components/HeaderIconButton.tsx	006d367502aa9398fc92a385fa4c41f392ffc5fc	006d367502aa9398fc92a385fa4c41f392ffc5fc	IDENTICAL
apps/mobile/src/components/HeroOverscrollFill.tsx	0306c79e3857b606192cf3f00ab3d6fa4a9ef80f	0306c79e3857b606192cf3f00ab3d6fa4a9ef80f	IDENTICAL
apps/mobile/src/components/ListRow.tsx	f8252504d9e261bb5f5afdffddb4e81678a94860	f8252504d9e261bb5f5afdffddb4e81678a94860	IDENTICAL
apps/mobile/src/components/LoadingSkeleton.tsx	26fe3e4a2f24717a17c001cd664091142e372da5	26fe3e4a2f24717a17c001cd664091142e372da5	IDENTICAL
apps/mobile/src/components/OfflineBanner.tsx	b0e42ce6b2c529b1b19bccbcda7f3f3ff99f2cba	b0e42ce6b2c529b1b19bccbcda7f3f3ff99f2cba	IDENTICAL
apps/mobile/src/components/PersonalChip.tsx	96565a09fdb3e7f7a81e34107a57a207cd9215b2	96565a09fdb3e7f7a81e34107a57a207cd9215b2	IDENTICAL
apps/mobile/src/components/Placeholder.tsx	2c0549aad831f200231c45814c958bbad84fac29	2c0549aad831f200231c45814c958bbad84fac29	IDENTICAL
apps/mobile/src/components/RowIcon.tsx	2c25ced55d11979aa84250f100a2b228d8af1bb1	2c25ced55d11979aa84250f100a2b228d8af1bb1	IDENTICAL
apps/mobile/src/components/Screen.tsx	e446f72f85f7a69a1de48bdab8f5c6c97751755c	e446f72f85f7a69a1de48bdab8f5c6c97751755c	IDENTICAL
apps/mobile/src/components/SectionHeader.tsx	9cb42befcd90ceb95435b369301f8b2887cbd4d6	9cb42befcd90ceb95435b369301f8b2887cbd4d6	IDENTICAL
apps/mobile/src/components/SegmentedPill.tsx	1e20b87459d49bef239ea339833cad170f3d5278	1e20b87459d49bef239ea339833cad170f3d5278	IDENTICAL
apps/mobile/src/components/SplashOverlay.tsx	09a165b332eb8cf91c10081c63f063bf5f534dff	285de30e19ebf395cc56c2eb8fbfa69a454c23a2	DIFFERENT_REVIEW_REQUIRED
apps/mobile/src/components/StarButton.tsx	0701dcb6df27ef4fb25c46c1321e7a7804b458a4	0701dcb6df27ef4fb25c46c1321e7a7804b458a4	IDENTICAL
apps/mobile/src/components/SwipeToDelete.tsx	ddd8cc3def08e3fb3e7a0c672f245d5b74ddf9bc	ddd8cc3def08e3fb3e7a0c672f245d5b74ddf9bc	IDENTICAL
apps/mobile/src/components/SymbolIcon.tsx	9eb8a5eac4a9849654ea75b635cc3970bb293710	9eb8a5eac4a9849654ea75b635cc3970bb293710	IDENTICAL
apps/mobile/src/components/TextField.tsx	5d4480e4d6621e686c0f6dbd6c681052e6a92e48	5d4480e4d6621e686c0f6dbd6c681052e6a92e48	IDENTICAL
apps/mobile/src/components/TransposeBar.tsx	5c10abec58a16aa48c0a3f61fed36abff18d0f69	5c10abec58a16aa48c0a3f61fed36abff18d0f69	IDENTICAL
apps/mobile/src/components/VerseChart.tsx	2ab063702fb3eaefd5fb574f816037a7d8004e28	f478e7df3d88b70f58097008e252371b7371faea	DIFFERENT_REVIEW_REQUIRED
apps/mobile/src/components/ViewOptionsSheet.tsx	dc8722815eaed7fa221417a15c2d3c82f82653a3	dc8722815eaed7fa221417a15c2d3c82f82653a3	IDENTICAL
apps/mobile/src/components/__tests__/symbolMap.test.ts	6f7993b1b12669e175d5f2f3474c0584cc6179bd	6f7993b1b12669e175d5f2f3474c0584cc6179bd	IDENTICAL
apps/mobile/src/components/devotional/DevotionalBlocks.tsx	83e982c1a88af03851eae11d75e03bd6380ef548	f81204dbef9d738540c2d2601c6363f9568b8bc9	DIFFERENT_REVIEW_REQUIRED
apps/mobile/src/components/devotional/DevotionalCard.tsx	7c1882baf3fb6b8c95368ba4d74c51be11526a59	706dc1c1dbac17d8254b4ee167e3846755ac59c4	DIFFERENT_REVIEW_REQUIRED
apps/mobile/src/components/devotional/DevotionalPlaceholder.tsx	613447cf0b789ae0086994dc618daa5f21cd046e	613447cf0b789ae0086994dc618daa5f21cd046e	IDENTICAL
apps/mobile/src/components/devotional/DevotionalSection.tsx	052786829f16841f118f525da331733104488689	052786829f16841f118f525da331733104488689	IDENTICAL
apps/mobile/src/components/home/DailyWordCard.tsx	3465794cdd091b71c8bad287b82afa6e7a2a81a4	54b5ba5c7ee031cd3a73446ed294e033d920428d	DIFFERENT_REVIEW_REQUIRED
apps/mobile/src/components/home/RecentSongsCard.tsx	2cb4d94d6e83e0d30b93e597811824353e02947a	2cb4d94d6e83e0d30b93e597811824353e02947a	IDENTICAL
apps/mobile/src/components/home/cardStyle.ts	3a04aa6db90f0c20d17a078fa7ef2a892e841ac6	443c89817de887e6e7c3b6cdfb836637bf4e9553	DIFFERENT_REVIEW_REQUIRED
apps/mobile/src/components/keyref/ArcBubble.tsx	d6db709a0e9e13984f88c0eb237c570cc7ade655	d6db709a0e9e13984f88c0eb237c570cc7ade655	IDENTICAL
apps/mobile/src/components/keyref/KeyArc.tsx	8daaac70e58bbe84f5e3e15bc0f7bc7604a60101	8daaac70e58bbe84f5e3e15bc0f7bc7604a60101	IDENTICAL
apps/mobile/src/components/keyref/ProgressionList.tsx	96201386c9a7581bdbe340c62abc0f5956017452	96201386c9a7581bdbe340c62abc0f5956017452	IDENTICAL
apps/mobile/src/components/keyref/ProgressionNoteSheet.tsx	b9a147ae1c362fa5ce7c184422651cd719e25011	b9a147ae1c362fa5ce7c184422651cd719e25011	IDENTICAL
apps/mobile/src/components/keyref/ProgressionSequence.tsx	7d0cee0a12569c4befbcef7f1d2abf8d2e5721d2	7d0cee0a12569c4befbcef7f1d2abf8d2e5721d2	IDENTICAL
apps/mobile/src/components/reader/ChapterSwipe.tsx	07041fb0e3684e7d60aa58c5281ede47497e15df	07041fb0e3684e7d60aa58c5281ede47497e15df	IDENTICAL
apps/mobile/src/components/reader/DatePickerSheet.tsx	6f4585b80cfa0d4dd6195b2baa27c7798d4ddd90	6f4585b80cfa0d4dd6195b2baa27c7798d4ddd90	IDENTICAL
apps/mobile/src/components/reader/ReaderSettingsSheet.tsx	a9994a310095d6588ef1c97c3c0f06071583daec	a9994a310095d6588ef1c97c3c0f06071583daec	IDENTICAL
apps/mobile/src/components/reader/ReminderTimeSheet.tsx	abbf633e5a7068f678b84133bebe1f8a2436ca94	abbf633e5a7068f678b84133bebe1f8a2436ca94	IDENTICAL
apps/mobile/src/components/reader/TranslationPickerSheet.tsx	9b25f0a845e7f54ad6595f120e8f1dd25b4a4db3	b2932cc0a53f33211fbbe3bcd219d41938229329	DIFFERENT_REVIEW_REQUIRED
apps/mobile/src/components/reader/VerseNumber.tsx	84509f054b8c4bdad490a4632ada57a6c6dd4e14	84509f054b8c4bdad490a4632ada57a6c6dd4e14	IDENTICAL
apps/mobile/src/components/setlist/ActionSheetRow.tsx	ab0cbf3ebf33858713178b8afd2b449ddacf5b33	ab0cbf3ebf33858713178b8afd2b449ddacf5b33	IDENTICAL
apps/mobile/src/components/setlist/AddSongsModal.tsx	b8df011afd34623bb68580710a47e9f6a930f175	b8df011afd34623bb68580710a47e9f6a930f175	IDENTICAL
apps/mobile/src/components/setlist/AddVerseModal.tsx	4f2f349333330dfb5408bfd27ba0591876e28e70	e609524c96964f6fc7f7302b4e82d57c2959d3f2	DIFFERENT_REVIEW_REQUIRED
apps/mobile/src/components/setlist/KeyPickerSheet.tsx	9a132d2bb52ee362cacd9622489219f5d52a8c23	a40ea9246e7c68cebf3acc12917aea37f3f9fc80	DIFFERENT_REVIEW_REQUIRED
apps/mobile/src/components/setlist/LibraryPane.tsx	c749edd0cd5aefc2f2d0a79d9b6df60b6e318213	c749edd0cd5aefc2f2d0a79d9b6df60b6e318213	IDENTICAL
apps/mobile/src/components/setlist/PerformerShareSheet.tsx	9fa9ed28bfa8dc83c2654121c95d92ae9fa470e6	4bac0631f7b467b4754f1275377ca8c00f3aaf21	DIFFERENT_REVIEW_REQUIRED
apps/mobile/src/components/setlist/PruneSetlistsModal.tsx	4bcb68c2df0de5c6b7a6aafeacece5db71dcf4cc	4bcb68c2df0de5c6b7a6aafeacece5db71dcf4cc	IDENTICAL
apps/mobile/src/components/setlist/RowActionsSheet.tsx	265262db62d47e74df015f5bf3d212056af51724	265262db62d47e74df015f5bf3d212056af51724	IDENTICAL
apps/mobile/src/components/setlist/SetOptionsSheet.tsx	10e248985747ed362dbd6d74349da806de5b5806	10e248985747ed362dbd6d74349da806de5b5806	IDENTICAL
apps/mobile/src/components/setlist/SetlistTimeline.tsx	32fdfc9d87ccad8491b2afb11c1fd21c3ba96c80	32fdfc9d87ccad8491b2afb11c1fd21c3ba96c80	IDENTICAL
apps/mobile/src/components/setlist/ShareSetSheet.tsx	edb0e9df3b4dfbebb2c28c4d956bfc33d7364bd1	6d5ee70b98da66cb96351f569c84c5a8fb95f142	DIFFERENT_REVIEW_REQUIRED
apps/mobile/src/components/songbook/SongbookOptionsSheet.tsx	fa2368f93b2eef72e7efde41b17fd1045dcc2d71	fa2368f93b2eef72e7efde41b17fd1045dcc2d71	IDENTICAL
apps/mobile/src/components/symbolMap.ts	00787ee5ff1ac61d8a9135fd78b5a869d2a12682	00787ee5ff1ac61d8a9135fd78b5a869d2a12682	IDENTICAL
apps/mobile/src/i18n/__tests__/config.test.ts	2fc8b123a0a8e52ee9eb46cb989cd222f61120ba	2fc8b123a0a8e52ee9eb46cb989cd222f61120ba	IDENTICAL
apps/mobile/src/i18n/config.ts	57672b2fed17c978ff2a73b694d225d6d5028ddf	57672b2fed17c978ff2a73b694d225d6d5028ddf	IDENTICAL
apps/mobile/src/i18n/index.ts	55e0e55068935fe54c3e9fbc27ed9443bca06899	55e0e55068935fe54c3e9fbc27ed9443bca06899	IDENTICAL
apps/mobile/src/i18n/locales/en/auth.json	ef5bbc7743abb6c73b78ae1956b99efb2b19c347	ef5bbc7743abb6c73b78ae1956b99efb2b19c347	IDENTICAL
apps/mobile/src/i18n/locales/en/common.json	10c78680552b592d023565a5d08d738da422f817	a67dfad2aca511881c674fdf9f73f9691f6c155c	DIFFERENT_REVIEW_REQUIRED
apps/mobile/src/i18n/locales/en/devotional.json	6b9170a6afea2b84f015d7e5928d3382f2842900	6b9170a6afea2b84f015d7e5928d3382f2842900	IDENTICAL
apps/mobile/src/i18n/locales/en/errors.json	7c720ff1b2a77b1aa1d8922bfab19ec0b476db96	7c720ff1b2a77b1aa1d8922bfab19ec0b476db96	IDENTICAL
apps/mobile/src/i18n/locales/en/export.json	b2c88a35ba7067d466b9e1f79ebf23821bae4d9e	470ec30cd5c89ca451bd42485218d4c663383baf	DIFFERENT_REVIEW_REQUIRED
apps/mobile/src/i18n/locales/en/home.json	6c352154aaba212c65730d73ee3a7b835a73c07f	6c352154aaba212c65730d73ee3a7b835a73c07f	IDENTICAL
apps/mobile/src/i18n/locales/en/intro.json	1ce14a9d2e0236aa242a9dc30cc20cee2a822ad9	56f544645de58f4bcd34f8bf81974b8ee0e21aff	DIFFERENT_REVIEW_REQUIRED
apps/mobile/src/i18n/locales/en/nav.json	aadae098a901003ee9b5c33d6db4301bcf816c3e	aadae098a901003ee9b5c33d6db4301bcf816c3e	IDENTICAL
apps/mobile/src/i18n/locales/en/offline.json	d28a5c0cfcc20d316caea89c7c581f7b65da85ec	d28a5c0cfcc20d316caea89c7c581f7b65da85ec	IDENTICAL
apps/mobile/src/i18n/locales/en/profile.json	6f3f9871293498449408ac431620eca9272cd908	9607685f63e7388261faca52ddcfd33532e89982	DIFFERENT_REVIEW_REQUIRED
apps/mobile/src/i18n/locales/en/reader.json	09582655160fcbb98f63aa35141e9860dea70114	09582655160fcbb98f63aa35141e9860dea70114	IDENTICAL
apps/mobile/src/i18n/locales/en/setlist.json	9ca99ed6d9facb62362436f0d9d03663dffc5b48	b39cc63f62482005463f3681eb6f93693280eb73	DIFFERENT_REVIEW_REQUIRED
apps/mobile/src/i18n/locales/en/settings.json	900041c574d47ff748bee45aab64040f965e3414	7381d381f0e077c062959d48376ff47a79043c1a	DIFFERENT_REVIEW_REQUIRED
apps/mobile/src/i18n/locales/en/song.json	44d60f08a2e798f4d074ff8e406b55a772f1b93a	44d60f08a2e798f4d074ff8e406b55a772f1b93a	IDENTICAL
apps/mobile/src/i18n/locales/en/utilities.json	8b726c4f4932c77ca68534286585fb65b4049b20	8b726c4f4932c77ca68534286585fb65b4049b20	IDENTICAL
apps/mobile/src/i18n/locales/es/auth.json	26f439415e49442df1c8c50607e6f1d3208fa83c	26f439415e49442df1c8c50607e6f1d3208fa83c	IDENTICAL
apps/mobile/src/i18n/locales/es/common.json	185db333319678340ccf01229e2f2a96e7924f4b	3da46f6134190c2bc3bb50d1cfad6bbeb06d55b6	DIFFERENT_REVIEW_REQUIRED
apps/mobile/src/i18n/locales/es/devotional.json	8a4505fa5797a8f0594230de808fe27ab2522cb4	8a4505fa5797a8f0594230de808fe27ab2522cb4	IDENTICAL
apps/mobile/src/i18n/locales/es/errors.json	2b129fd7239552dce49575dce622153cbb4d8852	2b129fd7239552dce49575dce622153cbb4d8852	IDENTICAL
apps/mobile/src/i18n/locales/es/export.json	472cf667fd33f1f1092af049d2d8f44fb1033f1a	0972e383c4575267a70d8ef6a51f50554374f239	DIFFERENT_REVIEW_REQUIRED
apps/mobile/src/i18n/locales/es/home.json	23d0b5047a7d277cce5b88ea59f4bec77136a228	23d0b5047a7d277cce5b88ea59f4bec77136a228	IDENTICAL
apps/mobile/src/i18n/locales/es/intro.json	24e09c2d3e275afe5ba81c5c23ae3bb3b6548593	108265ecf9f5b6069522666c333e932a48de5a71	DIFFERENT_REVIEW_REQUIRED
apps/mobile/src/i18n/locales/es/nav.json	69fdbc6dc23052678c195360075737a8aa56b483	69fdbc6dc23052678c195360075737a8aa56b483	IDENTICAL
apps/mobile/src/i18n/locales/es/offline.json	850d6c092da2aaea3e2ba2c7bf5baf528f4c1150	850d6c092da2aaea3e2ba2c7bf5baf528f4c1150	IDENTICAL
apps/mobile/src/i18n/locales/es/profile.json	9886b7813457b8f3a5721a4057dc31506005d6c6	83905648fa87a93ea9f8cb40f877323765a66204	DIFFERENT_REVIEW_REQUIRED
apps/mobile/src/i18n/locales/es/reader.json	54754919efe4008b20390720a7bbd85c23ab5bde	54754919efe4008b20390720a7bbd85c23ab5bde	IDENTICAL
apps/mobile/src/i18n/locales/es/setlist.json	8e2c263535448790a290acde5691eb6b0a4b98af	96a4954f0c5eaf7397021e5fe5ca7e42db8f82a7	DIFFERENT_REVIEW_REQUIRED
apps/mobile/src/i18n/locales/es/settings.json	0a83ee71b9edce53a938a8bec53a18b75e3fdc6d	fb1852d87fd8b84c020d35d3593146909b941616	DIFFERENT_REVIEW_REQUIRED
apps/mobile/src/i18n/locales/es/song.json	456cbbc5e5e5b1c2fb8d752bcb88fbbb39b8627f	456cbbc5e5e5b1c2fb8d752bcb88fbbb39b8627f	IDENTICAL
apps/mobile/src/i18n/locales/es/utilities.json	87c8a832793d81a22331e9a25c246410d26f3ba5	87c8a832793d81a22331e9a25c246410d26f3ba5	IDENTICAL
apps/mobile/src/i18n/locales/ko/auth.json	cce5ba51a338fbec989c354d41f1ea038c93cfe9	cce5ba51a338fbec989c354d41f1ea038c93cfe9	IDENTICAL
apps/mobile/src/i18n/locales/ko/common.json	60dafac889a17088a9070574242c1e19a9edf9f4	84665070ebeb3801ff4690606a5772a2b68d3bf6	DIFFERENT_REVIEW_REQUIRED
apps/mobile/src/i18n/locales/ko/devotional.json	d4bfd685a8f8ff82a7742a7fe2cfe69800d5522f	d4bfd685a8f8ff82a7742a7fe2cfe69800d5522f	IDENTICAL
apps/mobile/src/i18n/locales/ko/errors.json	ad24a79faa30dc978d3c8875cd4283c62a35b89a	ad24a79faa30dc978d3c8875cd4283c62a35b89a	IDENTICAL
apps/mobile/src/i18n/locales/ko/export.json	01f0372a2e8e4f7de9a478506fd27add711aff1e	9b543118fcbae696bf2793e5ba69ad7b6bd2593e	DIFFERENT_REVIEW_REQUIRED
apps/mobile/src/i18n/locales/ko/home.json	e837987d022d9a57ab6a6ca8b18e22c2cb77f464	e837987d022d9a57ab6a6ca8b18e22c2cb77f464	IDENTICAL
apps/mobile/src/i18n/locales/ko/intro.json	106c0831cb25d1605734cb4a003eece0f76f6fbf	2cdb49180bbf13b20f49e8119113d5816aaf13e5	DIFFERENT_REVIEW_REQUIRED
apps/mobile/src/i18n/locales/ko/nav.json	bdd1bf5d297bd59d87d28571f6c1092b4ee402e2	bdd1bf5d297bd59d87d28571f6c1092b4ee402e2	IDENTICAL
apps/mobile/src/i18n/locales/ko/offline.json	2ca922abcf68e1454f0a74d2d15b50d5ae5bc6b4	2ca922abcf68e1454f0a74d2d15b50d5ae5bc6b4	IDENTICAL
apps/mobile/src/i18n/locales/ko/profile.json	9886b7813457b8f3a5721a4057dc31506005d6c6	83905648fa87a93ea9f8cb40f877323765a66204	DIFFERENT_REVIEW_REQUIRED
apps/mobile/src/i18n/locales/ko/reader.json	3d56433a34e6c9cccae940a30930267a909b369d	3d56433a34e6c9cccae940a30930267a909b369d	IDENTICAL
apps/mobile/src/i18n/locales/ko/setlist.json	57b5e6af6d18078610db1ebd53464ad395f46e98	795016b298230859850f085d8132bb4382aa7989	DIFFERENT_REVIEW_REQUIRED
apps/mobile/src/i18n/locales/ko/settings.json	51f5f545658dda3055cbf7f3234bc7a2b63e75e8	b4f196ef095d76213dfe030ae5b12a09b29a1e10	DIFFERENT_REVIEW_REQUIRED
apps/mobile/src/i18n/locales/ko/song.json	a0df92855bd421485fbeca77c0107c4dbdfcb3ad	a0df92855bd421485fbeca77c0107c4dbdfcb3ad	IDENTICAL
apps/mobile/src/i18n/locales/ko/utilities.json	9862d730666ba96d4500f712d6615a6acb8e7c4f	9862d730666ba96d4500f712d6615a6acb8e7c4f	IDENTICAL
apps/mobile/src/i18n/locales/tr/auth.json	0f02d2fcd1fe0479ef616d6e7ca853a8cd9bd7aa	0f02d2fcd1fe0479ef616d6e7ca853a8cd9bd7aa	IDENTICAL
apps/mobile/src/i18n/locales/tr/common.json	a517c4d367fe1542ba69861d1418f7e038cd46e4	24ccae153345d75104830ccaa48fa4be1536f082	DIFFERENT_REVIEW_REQUIRED
apps/mobile/src/i18n/locales/tr/devotional.json	910237aa9e2f3abedc6ccd9916f479ff15fbf565	910237aa9e2f3abedc6ccd9916f479ff15fbf565	IDENTICAL
apps/mobile/src/i18n/locales/tr/errors.json	f3b8d4af5a00ccadd0611f54f4c462982d04cf2a	f3b8d4af5a00ccadd0611f54f4c462982d04cf2a	IDENTICAL
apps/mobile/src/i18n/locales/tr/export.json	a246708fa0ee45f62f31705c4840d58dbe83d59c	ff7ba6e33d214ec5cf52461883034223a2c1caea	DIFFERENT_REVIEW_REQUIRED
apps/mobile/src/i18n/locales/tr/home.json	bbadc63c1be8f3c5bae23c6c1159d16da0086021	bbadc63c1be8f3c5bae23c6c1159d16da0086021	IDENTICAL
apps/mobile/src/i18n/locales/tr/intro.json	0c872aacf40ed4dd375505b4a5115e6005480979	bf76573910ac8fa9716ef4d4e1b627fa6857b0cd	DIFFERENT_REVIEW_REQUIRED
apps/mobile/src/i18n/locales/tr/nav.json	64089c4b11ebc3057cabe6521973c67c21ae659c	64089c4b11ebc3057cabe6521973c67c21ae659c	IDENTICAL
apps/mobile/src/i18n/locales/tr/offline.json	d0713efc1e52579dd643de2c9c6399e59d8ade0a	d0713efc1e52579dd643de2c9c6399e59d8ade0a	IDENTICAL
apps/mobile/src/i18n/locales/tr/profile.json	9886b7813457b8f3a5721a4057dc31506005d6c6	83905648fa87a93ea9f8cb40f877323765a66204	DIFFERENT_REVIEW_REQUIRED
apps/mobile/src/i18n/locales/tr/reader.json	f006b81c0ea3a7961eb639c4caabbd0f5f7231cc	f006b81c0ea3a7961eb639c4caabbd0f5f7231cc	IDENTICAL
apps/mobile/src/i18n/locales/tr/setlist.json	015653b19b8143e4a55fb41504245c2311c1580d	7a3cc8501abaffac82d0a8789f832c5d2d981ead	DIFFERENT_REVIEW_REQUIRED
apps/mobile/src/i18n/locales/tr/settings.json	a03a8171a91de7bbbd73a4f4279a3d2cb34d1e54	bcee2e4d224ceea54c24b3801ea50de81aed7ad9	DIFFERENT_REVIEW_REQUIRED
apps/mobile/src/i18n/locales/tr/song.json	19cb7028c7ef610fd124be1d042d49072be6ef26	19cb7028c7ef610fd124be1d042d49072be6ef26	IDENTICAL
apps/mobile/src/i18n/locales/tr/utilities.json	dd8d057e53662eecff1219c9fe969ee6d3698cda	dd8d057e53662eecff1219c9fe969ee6d3698cda	IDENTICAL
apps/mobile/src/i18n/require-context.d.ts	604ac9862606af53f1fb5da32fa3deee1a704197	604ac9862606af53f1fb5da32fa3deee1a704197	IDENTICAL
apps/mobile/src/i18n/resources.ts	3927a2ff553f2b68c92208556a53df2384f72aee	3927a2ff553f2b68c92208556a53df2384f72aee	IDENTICAL
apps/mobile/src/lib/__tests__/accessibilityFlags.test.ts	b5c695deb53500754ac1734f697d90db296b36ee	b5c695deb53500754ac1734f697d90db296b36ee	IDENTICAL
apps/mobile/src/lib/__tests__/authDiagnostics.test.ts	537e4cd5719f12a47b5107a383245af0b47def76	537e4cd5719f12a47b5107a383245af0b47def76	IDENTICAL
apps/mobile/src/lib/__tests__/authErrorKey.test.ts	bad6a9381693d43e7a1f8cef9418cd2f2adf0898	6b3ddffebd4e243a83ae7eb3098739df16b0d48e	DIFFERENT_REVIEW_REQUIRED
apps/mobile/src/lib/__tests__/authFlows.test.ts	176ea9322330de563884ee4311ec91e8a5057ecf	8e8bb3d54ae53306a7db7449648a8156bc540c22	DIFFERENT_REVIEW_REQUIRED
apps/mobile/src/lib/__tests__/authLink.test.ts	dbd8e1bc87c40603dd7391d1489ab05b4cccd3fb	9a62101b5b732045d3295a5da951983c6abb0215	DIFFERENT_REVIEW_REQUIRED
apps/mobile/src/lib/__tests__/authSession.test.ts	11e1a88ac078c2d765299ed600c7de605e4a646e	11e1a88ac078c2d765299ed600c7de605e4a646e	IDENTICAL
apps/mobile/src/lib/__tests__/authValidation.test.ts	fbab6a54f6c638643d2b5a250b5f681d72f91c80	c94e51dbd8c5476b21615bb09027889a0946f881	DIFFERENT_REVIEW_REQUIRED
apps/mobile/src/lib/__tests__/bibleTranslationPref.test.ts	d9fa93742bc5c34e261f4ba975609ad2bfe39d3b	23543bad7b26cdd75c2397c3464f963d0d2a8ffe	DIFFERENT_REVIEW_REQUIRED
apps/mobile/src/lib/__tests__/cacheBudget.test.ts	09287311cf85f9ebaa3cdf078f0a5456e5dec04d	09287311cf85f9ebaa3cdf078f0a5456e5dec04d	IDENTICAL
apps/mobile/src/lib/__tests__/capo.test.ts	a4b8c16940b4c47a60524adf638006057be1c036	a4b8c16940b4c47a60524adf638006057be1c036	IDENTICAL
apps/mobile/src/lib/__tests__/columnCapacity.test.ts	feef0752dbcfd2a2b45981571d189b094686da5c	feef0752dbcfd2a2b45981571d189b094686da5c	IDENTICAL
apps/mobile/src/lib/__tests__/columnLayout.fuzz.test.ts	8fcbcdaad15c9ef65b87eec66a5bca7df6657f0f	8fcbcdaad15c9ef65b87eec66a5bca7df6657f0f	IDENTICAL
apps/mobile/src/lib/__tests__/columnLayout.test.ts	977c8995cae40fd7d8df99a34d24ca2ebc293022	977c8995cae40fd7d8df99a34d24ca2ebc293022	IDENTICAL
apps/mobile/src/lib/__tests__/contrast.test.ts	082aa70b690336d13ed7530591a0671bead946b8	462b549c25bf3d336655a528d0495b71724c9a01	DIFFERENT_REVIEW_REQUIRED
apps/mobile/src/lib/__tests__/copyName.test.ts	dea9b8d54ba68891d297440e805631093cea7902	72d1d4ce0a7ded6dcea4992393a350a55f5ba7a0	DIFFERENT_REVIEW_REQUIRED
apps/mobile/src/lib/__tests__/currentUser.test.ts	ae7fa530d37a02a4bfc47b60bee30a9fc3a8cda7	ae7fa530d37a02a4bfc47b60bee30a9fc3a8cda7	IDENTICAL
apps/mobile/src/lib/__tests__/deepLinks.test.ts	3cc59c932ced0b8d8e7320b51308426fc898daa5	cc5229250778b92b8b58d7af8367a0cc73ddd811	DIFFERENT_REVIEW_REQUIRED
apps/mobile/src/lib/__tests__/defaults.test.ts	fc91c11011eac065f35ad640f5624a521655ce99	fc91c11011eac065f35ad640f5624a521655ce99	IDENTICAL
apps/mobile/src/lib/__tests__/devotionalDayKey.test.ts	c8f76190d4e4544a81f80d4387d6d2b7ded08662	9de8b43c96affa276c123ee912bef5d0804f7386	DIFFERENT_REVIEW_REQUIRED
apps/mobile/src/lib/__tests__/devotionalSource.test.ts	6b336f2384d95212d0e201dd87d58d5e06de4956	8c5bd15e26767076f8d951ee7031aa6e4f121e8d	DIFFERENT_REVIEW_REQUIRED
apps/mobile/src/lib/__tests__/draftsStore.test.ts	a0bb8f419c91f73104bfa27b28d3b92d2ffd384f	e35246bf3fbc312f51984646629dc2d8a8679212	DIFFERENT_REVIEW_REQUIRED
apps/mobile/src/lib/__tests__/errorCopy.test.ts	1810ed25d1c76c6ba360d6893a2b26fc64ea76d5	1810ed25d1c76c6ba360d6893a2b26fc64ea76d5	IDENTICAL
apps/mobile/src/lib/__tests__/errors.test.ts	d38590f7f82fab89605018d184d3f2161151c0a8	c6213bb7f564c90f4f30f2ea73da70e89651339b	DIFFERENT_REVIEW_REQUIRED
apps/mobile/src/lib/__tests__/gridRows.test.ts	db39b4490581e2e719a94bf0c7d06c426cd2a587	db39b4490581e2e719a94bf0c7d06c426cd2a587	IDENTICAL
apps/mobile/src/lib/__tests__/introSeen.test.ts	fd3c9d868afd2ad3963a38ebc6c8da5b33467148	fd3c9d868afd2ad3963a38ebc6c8da5b33467148	IDENTICAL
apps/mobile/src/lib/__tests__/keyDisplay.test.ts	0397f60072a09fbebc2bdda1a53b7188254c58c3	0397f60072a09fbebc2bdda1a53b7188254c58c3	IDENTICAL
apps/mobile/src/lib/__tests__/launchStorage.test.ts	c3ee0f27eef586ab175bb6fbdb796e691afd52e6	c3ee0f27eef586ab175bb6fbdb796e691afd52e6	IDENTICAL
apps/mobile/src/lib/__tests__/listRowMetrics.test.ts	80e3c70d223dac1a57daa66549481ac5440cd82b	80e3c70d223dac1a57daa66549481ac5440cd82b	IDENTICAL
apps/mobile/src/lib/__tests__/passageLabel.test.ts	63c23aa600fc767473513c21f34cd05f90926b45	e6e6b6e0ff5eb1b0319a5e394043de27852c347b	DIFFERENT_REVIEW_REQUIRED
apps/mobile/src/lib/__tests__/passwordChange.test.ts	b2209c9234cbcd803f91b421abf5189b77b7f392	b2209c9234cbcd803f91b421abf5189b77b7f392	IDENTICAL
apps/mobile/src/lib/__tests__/passwordReset.test.ts	ec375da764bc7dc27f7db0d82ec7e85bfad1f5c8	c4ed7b15f303311afb8c513ed83cff795b4a21a6	DIFFERENT_REVIEW_REQUIRED
apps/mobile/src/lib/__tests__/passwordResetLink.test.ts	c29dc54360373ad078c93089dee5f6de02e61dc3	c7a32736f8856649ce5e91a3a04b887a3362116e	DIFFERENT_REVIEW_REQUIRED
apps/mobile/src/lib/__tests__/pendingRoute.test.ts	63b68308d329ead629cd4659a04ffd9f6a3f39e9	63b68308d329ead629cd4659a04ffd9f6a3f39e9	IDENTICAL
apps/mobile/src/lib/__tests__/readerPassage.test.ts	a589dc8ac8ef05c806c747c6808f60a9730f799b	25dcba87e376aa69bff16445abc4c752dc8ce5eb	DIFFERENT_REVIEW_REQUIRED
apps/mobile/src/lib/__tests__/readerReminder.test.ts	62297a5e06b6f1f9817798e6534fd72c7f3e0e4c	62297a5e06b6f1f9817798e6534fd72c7f3e0e4c	IDENTICAL
apps/mobile/src/lib/__tests__/readerSettings.test.ts	75fe0370e82eda30df7c34b8b95395d30f81e78a	75fe0370e82eda30df7c34b8b95395d30f81e78a	IDENTICAL
apps/mobile/src/lib/__tests__/readerSwipe.test.ts	5960fa3571efa2db1daf049272dd71af5dfa2c49	5960fa3571efa2db1daf049272dd71af5dfa2c49	IDENTICAL
apps/mobile/src/lib/__tests__/readingStreak.test.ts	388eefe5bc0eacef44ef6ee5a677a916578deb76	388eefe5bc0eacef44ef6ee5a677a916578deb76	IDENTICAL
apps/mobile/src/lib/__tests__/recents.test.ts	a3d61db779cebbf0770e024687962607d80ce081	a3d61db779cebbf0770e024687962607d80ce081	IDENTICAL
apps/mobile/src/lib/__tests__/reflectionDayStore.test.ts	e43fd5c2b49cbaf130167cd8cacd0779cdbd3196	55876c91f04c3639d1f92349ab03af2dcdccb6d8	DIFFERENT_REVIEW_REQUIRED
apps/mobile/src/lib/__tests__/reflectionsRepo.test.ts	4fbde3378a2abc19d641b47ab0b74e4c7bd19b57	15d2aee29a7cc8c4dc8bedd9a61f54e7c32ff3b2	DIFFERENT_REVIEW_REQUIRED
apps/mobile/src/lib/__tests__/requestBudget.test.ts	5627158f50f67e4ab83884a7c90c2a454f752c1c	5627158f50f67e4ab83884a7c90c2a454f752c1c	IDENTICAL
apps/mobile/src/lib/__tests__/reviewEligibility.test.ts	0ff2487bd91834ea17c792ec31e55d626c43c0cc	0ff2487bd91834ea17c792ec31e55d626c43c0cc	IDENTICAL
apps/mobile/src/lib/__tests__/reviewFlow.test.ts	37ad4e19d4a0ba995c2514cb82fcdae52861d456	37ad4e19d4a0ba995c2514cb82fcdae52861d456	IDENTICAL
apps/mobile/src/lib/__tests__/reviewState.test.ts	b96dc1f27e7106a65c4f09f97be4485e7132e3a7	b96dc1f27e7106a65c4f09f97be4485e7132e3a7	IDENTICAL
apps/mobile/src/lib/__tests__/routeDwell.test.ts	faa945c2eacef0cfa67d404492f8bdb7e6cfba2c	faa945c2eacef0cfa67d404492f8bdb7e6cfba2c	IDENTICAL
apps/mobile/src/lib/__tests__/sessionError.test.ts	f39338f0fbaa2df6a9b098d751c281f4fe8687a9	f39338f0fbaa2df6a9b098d751c281f4fe8687a9	IDENTICAL
apps/mobile/src/lib/__tests__/setlistImport.test.ts	eba9800e59d040e39c404fe9c6ee9f85365846f8	9c12fe313a0b0eb0dc9a06c9755367a345d46e1a	DIFFERENT_REVIEW_REQUIRED
apps/mobile/src/lib/__tests__/setlistName.test.ts	175cb0602625d00098ddca9ce696d98cd808dd6e	175cb0602625d00098ddca9ce696d98cd808dd6e	IDENTICAL
apps/mobile/src/lib/__tests__/songSearch.test.ts	178aa792aca712899a16c7348f68dd668cfe1f23	178aa792aca712899a16c7348f68dd668cfe1f23	IDENTICAL
apps/mobile/src/lib/__tests__/storedSession.test.ts	a78545c040de98b1713bb31cc6f9ca7a6561c006	a78545c040de98b1713bb31cc6f9ca7a6561c006	IDENTICAL
apps/mobile/src/lib/__tests__/tapTempo.test.ts	fc3a66684d7886af1ac8c5b46f84dbdb6d66347e	fc3a66684d7886af1ac8c5b46f84dbdb6d66347e	IDENTICAL
apps/mobile/src/lib/__tests__/viewerPrefs.test.ts	4f03c4a493f8ac3b9e25a994a5e0e8faa86dea03	4f03c4a493f8ac3b9e25a994a5e0e8faa86dea03	IDENTICAL
apps/mobile/src/lib/accessibilityFlags.ts	33a6a5114fd286183aeaea278844c9feb9cf19e6	33a6a5114fd286183aeaea278844c9feb9cf19e6	IDENTICAL
apps/mobile/src/lib/accessibilityFlagsService.ts	8716e797294e48ce969cd00079df9d2cc3afad48	8716e797294e48ce969cd00079df9d2cc3afad48	IDENTICAL
apps/mobile/src/lib/api.ts	a07f987a86b429df217978229fe1db7f70b0a20b	197262e5021db97d919901e0ea93e65c3417de73	DIFFERENT_REVIEW_REQUIRED
apps/mobile/src/lib/authDeps.ts	960520b335f2f87f889b860a7f6a6d8765940c83	960520b335f2f87f889b860a7f6a6d8765940c83	IDENTICAL
apps/mobile/src/lib/authDiagnostics.ts	ade3c441aacd4455b97fe8037414e088751c013a	ade3c441aacd4455b97fe8037414e088751c013a	IDENTICAL
apps/mobile/src/lib/authFlows.ts	b6d916e7d71a4d4f7c21d5eb31c10e053a4a4785	c0c33cb1d2ad03d539386e1fb6972a705fe1d6b4	DIFFERENT_REVIEW_REQUIRED
apps/mobile/src/lib/authLink.ts	25fe498d5486c5a15cbdd1bda324606614f4f60a	b25505a0ec5cbb750862139692e0ca8f20f339e4	DIFFERENT_REVIEW_REQUIRED
apps/mobile/src/lib/authSession.ts	803d767874a82a7407ee3ff70228b29113d7377c	803d767874a82a7407ee3ff70228b29113d7377c	IDENTICAL
apps/mobile/src/lib/authValidation.ts	02d0feb5c6f3391d212a8f2812ab8821ac465d3c	37cfe3b8e1325ca8c040f67c332c9007a1f7335c	DIFFERENT_REVIEW_REQUIRED
apps/mobile/src/lib/autoHideChrome.ts	e3b1e2c9b569949dcf5426f369ef7686f3bdc1b8	e3b1e2c9b569949dcf5426f369ef7686f3bdc1b8	IDENTICAL
apps/mobile/src/lib/bibleSource.ts	1b9fb2f1125fcae7f60f64ae57985838f742cd40	888f2bdc27d00cb27ecc0370492e5aa25e5504b2	DIFFERENT_REVIEW_REQUIRED
apps/mobile/src/lib/bibleTranslationPref.ts	80059b0861e72655026994ca5937195b76397610	243c938f20a2faf555aa297d80876c5ce7228958	DIFFERENT_REVIEW_REQUIRED
apps/mobile/src/lib/cacheBudget.ts	c2f177fd8376011c0ba85856408b70a9a25390ca	c2f177fd8376011c0ba85856408b70a9a25390ca	IDENTICAL
apps/mobile/src/lib/capo.ts	2f21a9ecb8664d625fff075acfd051a60796722d	f1d3bf1ccc3c5287e2e772c5a9affb7f9f0f9171	DIFFERENT_REVIEW_REQUIRED
apps/mobile/src/lib/columnCapacity.ts	96c37d7d1848cfe40ca62d47dbff063c0d814969	96c37d7d1848cfe40ca62d47dbff063c0d814969	IDENTICAL
apps/mobile/src/lib/columnLayout.ts	24b58afba0fc1c0a3c238bd3f78ae65a035c77a0	24b58afba0fc1c0a3c238bd3f78ae65a035c77a0	IDENTICAL
apps/mobile/src/lib/connectivity.ts	8ed8ead2fe47bd55a8500c2e34e9ff565a2c6880	8ed8ead2fe47bd55a8500c2e34e9ff565a2c6880	IDENTICAL
apps/mobile/src/lib/currentUser.ts	4c1b7b91a1d3b3dfcaef52c62cfc248d9e59fd36	4c1b7b91a1d3b3dfcaef52c62cfc248d9e59fd36	IDENTICAL
apps/mobile/src/lib/deepLinks.ts	40b478347626404062e1235265c0cdfe5f47cbb8	a824c892dbf71647a2fcc81ffbf0202a8b3c0057	DIFFERENT_REVIEW_REQUIRED
apps/mobile/src/lib/defaults.ts	2aa6aba34c4ea92720b90ee8580d443e30758bff	03096ee8c53a1fe91a620b54421fe0161c2fcb81	DIFFERENT_REVIEW_REQUIRED
apps/mobile/src/lib/devotionals/cacheStore.ts	d14a58837f35e44f0c5313c59bc7715cccc84d7d	d14a58837f35e44f0c5313c59bc7715cccc84d7d	IDENTICAL
apps/mobile/src/lib/devotionals/paths.ts	015287bcbf1b79c21815f486c670b6dfd748866b	015287bcbf1b79c21815f486c670b6dfd748866b	IDENTICAL
apps/mobile/src/lib/devotionals/remote.ts	e7a2d07fbdfccd5149b237a7617657a2581c48fb	689e0474033c6f7d1e1150c2e045d1ad7c3c88fd	DIFFERENT_REVIEW_REQUIRED
apps/mobile/src/lib/devotionals/source.ts	99115cc67202968ded7d6bdcf4d8fce7108f1e26	a2496ccff7643cb87139f7f8b48506383ed30304	DIFFERENT_REVIEW_REQUIRED
apps/mobile/src/lib/devotionals/sync.ts	db263bafa5c054621b3689709d27bab48552d717	6328410295a849a70dc12f2c06e330b1ef422b47	DIFFERENT_REVIEW_REQUIRED
apps/mobile/src/lib/devotionals/syncState.ts	f1fd09817c6f1e8a07c5cdd7189dea1215b69013	b0ee7bc6c7fbe4f718cdf9c6d7e6c2a00935374a	DIFFERENT_REVIEW_REQUIRED
apps/mobile/src/lib/devotionals/useDevotionalDay.ts	940ef8cccc5a8e35bd13cbf1c876bdfdfb6690bf	49b947df329aeb0dfb92ca21e346209ab6a832e5	DIFFERENT_REVIEW_REQUIRED
apps/mobile/src/lib/differentiateWithoutColor.ts	48adef8f80f317afb65e04754800706f6b380b2c	48adef8f80f317afb65e04754800706f6b380b2c	IDENTICAL
apps/mobile/src/lib/downloads/__tests__/coreBible.test.ts	1f1232b858622c84c4b3bfe353b681ce2e1ddb6e	667367cf688346d252f3c8f4eb7c8bf4bc12cd39	DIFFERENT_REVIEW_REQUIRED
apps/mobile/src/lib/downloads/__tests__/downloader.test.ts	113292a862a830bd3de5cae5977dda952050bda3	7cd4fc8622516c973cc430d9c246a8386e0e1d30	DIFFERENT_REVIEW_REQUIRED
apps/mobile/src/lib/downloads/__tests__/helpers.ts	e68f5c203eef16767db1e433b5c4583c51defaa1	515942a4883a9c717756c102bf6c6c569c155018	DIFFERENT_REVIEW_REQUIRED
apps/mobile/src/lib/downloads/__tests__/manifest.test.ts	93d9784518f786eb35dd1e3a69decefd843615f8	93d9784518f786eb35dd1e3a69decefd843615f8	IDENTICAL
apps/mobile/src/lib/downloads/__tests__/readPath.test.ts	e544aa4285f9f90ea38f6b3b613fa1ee8a0dd90f	b8f1b9718007cd503b490017fb95eae4439fa31f	DIFFERENT_REVIEW_REQUIRED
apps/mobile/src/lib/downloads/__tests__/resolver.test.ts	ccdb1dda0c6378b1795d5e00bbb51c26ef8641ec	ccdb1dda0c6378b1795d5e00bbb51c26ef8641ec	IDENTICAL
apps/mobile/src/lib/downloads/__tests__/staleness.test.ts	4c7a44d6cb4cdf2a793d5d5304dd635a1abf4bbf	4c7a44d6cb4cdf2a793d5d5304dd635a1abf4bbf	IDENTICAL
apps/mobile/src/lib/downloads/downloader.ts	119cfe225353f511749cea6bed79a0fece14f2df	40af9f3522b1628962f4997b8c0ce1227dbd713f	DIFFERENT_REVIEW_REQUIRED
apps/mobile/src/lib/downloads/expoBlobStore.ts	737488d7a9018eda5209cabb457dd89af8532322	737488d7a9018eda5209cabb457dd89af8532322	IDENTICAL
apps/mobile/src/lib/downloads/index.ts	1c5a12d71a312445ddfe96eca3e217f02a648f1f	1c5a12d71a312445ddfe96eca3e217f02a648f1f	IDENTICAL
apps/mobile/src/lib/downloads/manifest.ts	8207e6499b2eead18f35e03edee9cf7df70309a9	8207e6499b2eead18f35e03edee9cf7df70309a9	IDENTICAL
apps/mobile/src/lib/downloads/memoryBlobStore.ts	f5abd5bb5050fc7b1ad187975dc86d315a2192b6	f5abd5bb5050fc7b1ad187975dc86d315a2192b6	IDENTICAL
apps/mobile/src/lib/downloads/paths.ts	1a4d7dc1f8989082a20bb8449143e9972a8c5087	1a4d7dc1f8989082a20bb8449143e9972a8c5087	IDENTICAL
apps/mobile/src/lib/downloads/resolver.ts	3bf8705a69dec09ea30a346ebbd6eccff745a36b	5e88a1500045799fdb4f6911b7505b24bee96643	DIFFERENT_REVIEW_REQUIRED
apps/mobile/src/lib/downloads/service.ts	aa60b5fd8c1e1a20cdd7d2c26a76c5a935331c0e	c46dcc2bdfe9536767a0ea52c0631514ebef3128	DIFFERENT_REVIEW_REQUIRED
apps/mobile/src/lib/downloads/staleness.ts	22356e8852f38eb066e28b3099f96946e969f2b3	22356e8852f38eb066e28b3099f96946e969f2b3	IDENTICAL
apps/mobile/src/lib/downloads/types.ts	6c3dfdb19c8153bbf8fd9affa4b9d6124937b2dd	6c3dfdb19c8153bbf8fd9affa4b9d6124937b2dd	IDENTICAL
apps/mobile/src/lib/drafts/draftsStore.ts	e981166d984b3b7c04a1a90c379a01d0e98aaead	3dc3725106ac809b1caa026085df02722b1b1268	DIFFERENT_REVIEW_REQUIRED
apps/mobile/src/lib/errors.ts	65e7dc6b5d8465432bcb7af644ab4d1e156acffa	65e7dc6b5d8465432bcb7af644ab4d1e156acffa	IDENTICAL
apps/mobile/src/lib/exportSong.ts	b5b2deb2d6b5b3c003a934027fbbf5c15bf59cf8	b5b2deb2d6b5b3c003a934027fbbf5c15bf59cf8	IDENTICAL
apps/mobile/src/lib/formSheetHost.ts	f2c6dc3874fec11737d80ef43b6149982cd60b60	f2c6dc3874fec11737d80ef43b6149982cd60b60	IDENTICAL
apps/mobile/src/lib/greetings.ts	987ed9871015329b335b9867fc3f1ef0e539b9d9	987ed9871015329b335b9867fc3f1ef0e539b9d9	IDENTICAL
apps/mobile/src/lib/gridRows.ts	0e000a86ec701f4aa7744f2545fd3381518c1c24	0e000a86ec701f4aa7744f2545fd3381518c1c24	IDENTICAL
apps/mobile/src/lib/introSeen.ts	a0b96ac22188f7f862ce1c2527cbc6cfad8b7d69	a0b96ac22188f7f862ce1c2527cbc6cfad8b7d69	IDENTICAL
apps/mobile/src/lib/keepAwake.ts	2ad3178b15409bb03ce2bc5e830d05d8c94edc05	2ad3178b15409bb03ce2bc5e830d05d8c94edc05	IDENTICAL
apps/mobile/src/lib/keyDisplay.ts	81b84ce799b0142454d0f2e06529702400dc04e2	81b84ce799b0142454d0f2e06529702400dc04e2	IDENTICAL
apps/mobile/src/lib/keyref/__tests__/arcGeometry.test.ts	4007803773f787f392e414d0beded18f2d317901	4007803773f787f392e414d0beded18f2d317901	IDENTICAL
apps/mobile/src/lib/keyref/__tests__/keyRefPrefs.test.ts	c398e0612b505c817d0e5edb23d5ad19feccd510	c398e0612b505c817d0e5edb23d5ad19feccd510	IDENTICAL
apps/mobile/src/lib/keyref/__tests__/keyWheel.test.ts	ba903f8a377e9a70e8b93d105cc93cb7415a4b0d	ba903f8a377e9a70e8b93d105cc93cb7415a4b0d	IDENTICAL
apps/mobile/src/lib/keyref/__tests__/progressions.test.ts	b46cdcdd73874ca8977eacad56de796d61f62a83	b46cdcdd73874ca8977eacad56de796d61f62a83	IDENTICAL
apps/mobile/src/lib/keyref/__tests__/render.test.ts	74b2ac160bac7f4d7675d0c823fc0b51e4bdaf00	7e8c41bc13ceb1d920e614157890d8dd4a95db2e	DIFFERENT_REVIEW_REQUIRED
apps/mobile/src/lib/keyref/__tests__/wheelHaptics.test.ts	a64e55eccf0fa4c4571d88426dc7457317739d0d	a64e55eccf0fa4c4571d88426dc7457317739d0d	IDENTICAL
apps/mobile/src/lib/keyref/arcGeometry.ts	79fbfcbe378529ad70daa8df8a51367e91d4580b	79fbfcbe378529ad70daa8df8a51367e91d4580b	IDENTICAL
apps/mobile/src/lib/keyref/keyRefPrefs.ts	c68ce1518870c9ac3ddba7965cfaa3ac4cf8ab97	c68ce1518870c9ac3ddba7965cfaa3ac4cf8ab97	IDENTICAL
apps/mobile/src/lib/keyref/keyWheel.ts	a37aa39c6af4ced946219817e51a5cd0df5a16ec	a37aa39c6af4ced946219817e51a5cd0df5a16ec	IDENTICAL
apps/mobile/src/lib/keyref/progressions.ts	b8171cb45670f49c00dd0b5a7c90136f0381aeb3	b8171cb45670f49c00dd0b5a7c90136f0381aeb3	IDENTICAL
apps/mobile/src/lib/keyref/render.ts	e6f51f86d7252505eaf620ed770bb925d3aa9239	21a365304b79abe3699345dbabbf51787724a7a0	DIFFERENT_REVIEW_REQUIRED
apps/mobile/src/lib/keyref/types.ts	eb59b6241146df957228e2cd1219a76112b36303	eb59b6241146df957228e2cd1219a76112b36303	IDENTICAL
apps/mobile/src/lib/keyref/wheelHaptics.ts	7d856a38968afd7e7b2047a30d1b50669ddfc087	7d856a38968afd7e7b2047a30d1b50669ddfc087	IDENTICAL
apps/mobile/src/lib/lastSignUpEmail.ts	490c99c3d3082595dff9b10ca2bbd4e63af80fe1	490c99c3d3082595dff9b10ca2bbd4e63af80fe1	IDENTICAL
apps/mobile/src/lib/launchStorage.ts	c211b2c39280c4a9dc7643e50a33ca7e7b91e83c	c211b2c39280c4a9dc7643e50a33ca7e7b91e83c	IDENTICAL
apps/mobile/src/lib/listRowMetrics.ts	3859093fb8e4a249ae28dac924768ce466b8eaf8	3859093fb8e4a249ae28dac924768ce466b8eaf8	IDENTICAL
apps/mobile/src/lib/metronome/__tests__/pattern.test.ts	73f2cf82a2853eeb82fdf92793a09302f5d2506f	73f2cf82a2853eeb82fdf92793a09302f5d2506f	IDENTICAL
apps/mobile/src/lib/metronome/pattern.ts	1af2a651f707f4fd557783445c1e5eab8f6aa9a0	1af2a651f707f4fd557783445c1e5eab8f6aa9a0	IDENTICAL
apps/mobile/src/lib/metronome/useMetronome.ts	b20012a7a77cff7773958568e6ee9b1c0608f26a	b20012a7a77cff7773958568e6ee9b1c0608f26a	IDENTICAL
apps/mobile/src/lib/orientationLock.ts	8e862e12210146e7695cde421ae6447ebd523b7c	8e862e12210146e7695cde421ae6447ebd523b7c	IDENTICAL
apps/mobile/src/lib/passwordChange.ts	0a563dacf0684bfb77ce80fabd073fd96854b362	6444311ff3c9fb01ea56bb99acc5f8df44a2f1dd	DIFFERENT_REVIEW_REQUIRED
apps/mobile/src/lib/passwordReset.ts	b2b983ca0e801d125e880b41ddf6da38a63f78ce	dfab7b20e8bd1a368574a7e6e451246696403d4d	DIFFERENT_REVIEW_REQUIRED
apps/mobile/src/lib/passwordResetLink.ts	9793e00e9d4542bb573865395cf9cac21c1e0e8b	545ec4ce6e845491ee4a5600835eb7c3b60e5e68	DIFFERENT_REVIEW_REQUIRED
apps/mobile/src/lib/pendingRoute.ts	ccd6312535057b472d350efb1d17f912d9b30a03	ccd6312535057b472d350efb1d17f912d9b30a03	IDENTICAL
apps/mobile/src/lib/pitchpipe/__tests__/notes.test.ts	03154cae262e70f281b81860dc4ac7fa357318f5	03154cae262e70f281b81860dc4ac7fa357318f5	IDENTICAL
apps/mobile/src/lib/pitchpipe/notes.ts	cba4a0cae8ea23ffe8dafee38064c60ac44a76a9	cba4a0cae8ea23ffe8dafee38064c60ac44a76a9	IDENTICAL
apps/mobile/src/lib/pitchpipe/usePitchPipe.ts	a71020f7109020d4f173e321a6ffed3945b55eb9	a71020f7109020d4f173e321a6ffed3945b55eb9	IDENTICAL
apps/mobile/src/lib/profile.ts	14a2c8edef73ebf67d93410eddb5f626597ec384	14a2c8edef73ebf67d93410eddb5f626597ec384	IDENTICAL
apps/mobile/src/lib/r2.ts	d3952e0856341dc437d656b0e1f017bf88a7f6f3	70f7489718fe670e819248fe03c2f3cdfce890f0	DIFFERENT_REVIEW_REQUIRED
apps/mobile/src/lib/readerPassage.ts	987e15d57f9293bea550f13273a6f391feeff3fa	dcfe7c8cc453a6f2c1d31d39fb221245bb68ae3a	DIFFERENT_REVIEW_REQUIRED
apps/mobile/src/lib/readerReminder.ts	c3cd5cf3a76f17559d12d50c61b97259491e2b45	c3cd5cf3a76f17559d12d50c61b97259491e2b45	IDENTICAL
apps/mobile/src/lib/readerReminderService.ts	12f501d9d91aafb99b98cb4a63cc0d55dbc74b6a	12f501d9d91aafb99b98cb4a63cc0d55dbc74b6a	IDENTICAL
apps/mobile/src/lib/readerSettings.ts	1fc8ea52271ffe906f8f2512407f6ca8655b8768	1fc8ea52271ffe906f8f2512407f6ca8655b8768	IDENTICAL
apps/mobile/src/lib/readerSwipe.ts	ec50b48b20c202fd9a4ed37df11b51bcd1144b75	ec50b48b20c202fd9a4ed37df11b51bcd1144b75	IDENTICAL
apps/mobile/src/lib/readingStreak.ts	304194d32f7b88fd11904fb696b3d9270af95d5b	304194d32f7b88fd11904fb696b3d9270af95d5b	IDENTICAL
apps/mobile/src/lib/recents.ts	6498e7e2021824a401faa74c7a3bdb07a440865a	6498e7e2021824a401faa74c7a3bdb07a440865a	IDENTICAL
apps/mobile/src/lib/reflectionDayStore.ts	b7244487d707d0f32540acedac249868bf277d87	74bb5100e8c8c3c323e0d2cddf4632a4c06b61d5	DIFFERENT_REVIEW_REQUIRED
apps/mobile/src/lib/requestBudget.ts	45ce406682f033bcce98efccc36d9525d45926f5	45ce406682f033bcce98efccc36d9525d45926f5	IDENTICAL
apps/mobile/src/lib/reviewEligibility.ts	468ae04e2d42ee4864aab1f1cd82ab033dfa2f71	468ae04e2d42ee4864aab1f1cd82ab033dfa2f71	IDENTICAL
apps/mobile/src/lib/reviewService.ts	d8c3111128755583836fd5665a365b550203d184	534bdd6660860cfd3e9cb3c0428e113e5f1f2bc7	DIFFERENT_REVIEW_REQUIRED
apps/mobile/src/lib/reviewState.ts	67cc4e648de8e5000ade537bdda0dae34c41c061	67cc4e648de8e5000ade537bdda0dae34c41c061	IDENTICAL
apps/mobile/src/lib/routeDwell.ts	d402470abf97a997378b53cdff3e115f1ca5815d	d402470abf97a997378b53cdff3e115f1ca5815d	IDENTICAL
apps/mobile/src/lib/sessionError.ts	80d752584223a22b9e4437b6e4ea9f08a8bb8f23	80d752584223a22b9e4437b6e4ea9f08a8bb8f23	IDENTICAL
apps/mobile/src/lib/setlistImport.ts	0381dbc03adb3723d9e8aad446e87dd4913142d0	67018e634e9eaebb057b33ae144e2cddec637652	DIFFERENT_REVIEW_REQUIRED
apps/mobile/src/lib/setlistName.ts	eee611ef6cfc1ed3b44b84792475ac33facafe1d	86ba8c96f7561a9d7d701200431b35306b209efa	DIFFERENT_REVIEW_REQUIRED
apps/mobile/src/lib/setlistShare.ts	a30d38a378e99da6dc8dc1d9c52fdc04a286e335	a30d38a378e99da6dc8dc1d9c52fdc04a286e335	IDENTICAL
apps/mobile/src/lib/songSearch.ts	b010db59e084c5867b39a9e8895ce71e34fe385c	b010db59e084c5867b39a9e8895ce71e34fe385c	IDENTICAL
apps/mobile/src/lib/sprites.ts	ab6b6e51a7dd42fa5a4bcc494b32a986c2a4a1a2	ab6b6e51a7dd42fa5a4bcc494b32a986c2a4a1a2	IDENTICAL
apps/mobile/src/lib/storedSession.ts	eedd7935407ac10b10cc28a782e0c0fa7ca77a5c	eedd7935407ac10b10cc28a782e0c0fa7ca77a5c	IDENTICAL
apps/mobile/src/lib/supabase.ts	bc0c809f4b6bfc95c9d7568fbee5aa5013a1bb3b	7e762977bbcc26555974a28863810862a3857ffc	DIFFERENT_REVIEW_REQUIRED
apps/mobile/src/lib/tapTempo.ts	1a33e14a92ea4f1c4f1c72eceb6617c3a66e09ac	1a33e14a92ea4f1c4f1c72eceb6617c3a66e09ac	IDENTICAL
apps/mobile/src/lib/topRoute.ts	1f966f8609f581dbbbc30c891246fd9ef1efb9a1	1f966f8609f581dbbbc30c891246fd9ef1efb9a1	IDENTICAL
apps/mobile/src/lib/tuner/__tests__/tuner.test.ts	6aee09d6dd9a6455ccc3620ef4a6d0f7226fc49f	6aee09d6dd9a6455ccc3620ef4a6d0f7226fc49f	IDENTICAL
apps/mobile/src/lib/tuner/hold.ts	1a569b04cb15a29917866ecb33773c755bdb5cf9	1a569b04cb15a29917866ecb33773c755bdb5cf9	IDENTICAL
apps/mobile/src/lib/tuner/notes.ts	bed018c31d224fe64ac4bc20dedddc92f047c121	bed018c31d224fe64ac4bc20dedddc92f047c121	IDENTICAL
apps/mobile/src/lib/tuner/smoothing.ts	404b7e3e4702cc2d971dc351ea0f44044262c8a1	404b7e3e4702cc2d971dc351ea0f44044262c8a1	IDENTICAL
apps/mobile/src/lib/tuner/useTuner.ts	fa9c68c30eb7e5a8cbf2d42ad24ba5239709d074	fa9c68c30eb7e5a8cbf2d42ad24ba5239709d074	IDENTICAL
apps/mobile/src/lib/tuner/yin.ts	bdeabe7d33d513d6faa9a32b6d1ccb05e93def8c	bdeabe7d33d513d6faa9a32b6d1ccb05e93def8c	IDENTICAL
apps/mobile/src/lib/useBibleTranslations.ts	d8290306b8aa28ff767aa2291befb5b58c60b88f	29a987910e8a4ed918c5cec5fe8f645604a45975	DIFFERENT_REVIEW_REQUIRED
apps/mobile/src/lib/useChartAutoFit.ts	a1ef15bbad0b58ee2ea0b6a186131667724844eb	a1ef15bbad0b58ee2ea0b6a186131667724844eb	IDENTICAL
apps/mobile/src/lib/useDailyHighlights.ts	fb887ea91cf5f92234b5f152ecb9d5aa6dbfd69c	7ff4513ce05e2b10cb34a4501df2d201dc165c31	DIFFERENT_REVIEW_REQUIRED
apps/mobile/src/lib/useDisplayName.ts	8da6cc688de4b8adc83efc6b484a5075c2fce25a	8da6cc688de4b8adc83efc6b484a5075c2fce25a	IDENTICAL
apps/mobile/src/lib/useIsTabletWidth.ts	d08f5c01e4ee969f6be75e8471476aa0014cec1c	d08f5c01e4ee969f6be75e8471476aa0014cec1c	IDENTICAL
apps/mobile/src/lib/useKeyboardHeight.ts	11ebc69d468b204d999ef9f98d7bc65eed11c835	11ebc69d468b204d999ef9f98d7bc65eed11c835	IDENTICAL
apps/mobile/src/lib/useLastSet.ts	be3d014eabb7794320a7e788f03b5c83e2960988	6e3d2ca8120b385dd8999282362b582d4c179d08	DIFFERENT_REVIEW_REQUIRED
apps/mobile/src/lib/useProfileSprite.ts	beb0efbf3d70f7491a11205b03a2abd2aff3d07e	beb0efbf3d70f7491a11205b03a2abd2aff3d07e	IDENTICAL
apps/mobile/src/lib/useReader.ts	e210e58eacc5718d7c9069eaed9e22e8db29858e	e210e58eacc5718d7c9069eaed9e22e8db29858e	IDENTICAL
apps/mobile/src/lib/useReflections.ts	7997fd262696589ea675c6d3bdf0c3a30ceb3f46	1568c3350cccd12fc06d806dec50fdffec88dc18	DIFFERENT_REVIEW_REQUIRED
apps/mobile/src/lib/useSessionController.ts	b901ce7a1acfe069492edefa2018128835ec5f1e	5c6ed4dc75f23fecafd37573052c276d20a0279f	DIFFERENT_REVIEW_REQUIRED
apps/mobile/src/lib/useSetlistBuilder.ts	b3e33e50f0daadf9b3d1bc967f8a01945f57d661	3e9e8507dc4bf1b6be62301eca11278fa1b412ce	DIFFERENT_REVIEW_REQUIRED
apps/mobile/src/lib/useSetlists.ts	0a0810b50aba13529f9c2a532da9861a977945a6	3029e10743905c9c917a72844c32051ed4307f2a	DIFFERENT_REVIEW_REQUIRED
apps/mobile/src/lib/useSong.ts	389ed144d7ece968a03cf7306a1880bdd39eb61b	0bdbad2ad22d37db82dd0102b507ef91e02c7d2b	DIFFERENT_REVIEW_REQUIRED
apps/mobile/src/lib/useSongDraft.ts	f9c5aacd6d1efc2dcb682f0ff6ce302569f35747	f74529d077a214670656eb6400a4cfbbb0c4d1e1	DIFFERENT_REVIEW_REQUIRED
apps/mobile/src/lib/useSongList.ts	78a38a36c9a098075a374f2aeb73b8ed8cb09b87	c236403d0f4518dc94db13dc813e68a2e6c6cdaf	DIFFERENT_REVIEW_REQUIRED
apps/mobile/src/lib/useSongStar.ts	470c26603b5eb6c2024f26756a19863528d65c57	470c26603b5eb6c2024f26756a19863528d65c57	IDENTICAL
apps/mobile/src/lib/useStarredSongs.ts	e0e479929582c4a700ed94ce5a1d54d64891f763	e0e479929582c4a700ed94ce5a1d54d64891f763	IDENTICAL
apps/mobile/src/lib/useUserRole.ts	ef63c0a90ec2f787aacbc5ad2ebd63dac72be943	17b9529905d94e0c776ff68892ea36b75684b8db	DIFFERENT_REVIEW_REQUIRED
apps/mobile/src/lib/uuid.ts	f5d48dc5b9ae1208c08892d8ce51d56feaccb70b	f5d48dc5b9ae1208c08892d8ce51d56feaccb70b	IDENTICAL
apps/mobile/src/lib/viewerPrefs.ts	66aaa875b134eead36f9016a70dbf2ffc2db646a	66aaa875b134eead36f9016a70dbf2ffc2db646a	IDENTICAL
apps/mobile/src/screens/AboutScreen.tsx	ff35904cc24489ab17895bee7d6b85c69ee91a30	8bd84d01c407fb94259c3cfeb5f8ad6ee80c1e74	DIFFERENT_REVIEW_REQUIRED
apps/mobile/src/screens/AccountScreen.tsx	471450ad7d2c9b6f74f87f2191c6eb90956d49d1	2e49942e8b7db805f79780444dad81f49b9e5861	DIFFERENT_REVIEW_REQUIRED
apps/mobile/src/screens/AuthLinkScreen.tsx	7b1702db803df0791101c3ac4d563a0bfdd9bd8f	7b1702db803df0791101c3ac4d563a0bfdd9bd8f	IDENTICAL
apps/mobile/src/screens/AuthScreen.tsx	a74c9271eba2f14efb3f58716e26620e5e292116	e247b44305117bdee977bbf57f13b9829b71f9a0	DIFFERENT_REVIEW_REQUIRED
apps/mobile/src/screens/CapoCalculatorScreen.tsx	c5fcdb09e3005c7acc688b45188ee9f9f359306a	558baa15a61a3da467c5aed3f0263d5813d4b89e	DIFFERENT_REVIEW_REQUIRED
apps/mobile/src/screens/ChangePasswordScreen.tsx	abdffdda953840b20b9fa576ced7694ae47a2066	abdffdda953840b20b9fa576ced7694ae47a2066	IDENTICAL
apps/mobile/src/screens/DailyWordLandingScreen.tsx	cf293a6958259263276473d401ace0504eda7a62	7196625c73fd37ffd7218b5f345724fb7a03dd67	DIFFERENT_REVIEW_REQUIRED
apps/mobile/src/screens/DailyWordScreen.tsx	d1e8c339f9ee26ab0f84810e7c9357734e5227c5	6e6a61fa2c9732ec22c6ca4946465996c8bdb3ac	DIFFERENT_REVIEW_REQUIRED
apps/mobile/src/screens/DevotionalScreen.tsx	5ccc3aa94cfbb3c7a2bf52b7f335b1190117c834	f64bd174389578e02c576524b4d1bdba27d4e836	DIFFERENT_REVIEW_REQUIRED
apps/mobile/src/screens/ForgotPasswordScreen.tsx	8a967693770e0fcc8e0f8e145ed1f6ac6ba589db	8a967693770e0fcc8e0f8e145ed1f6ac6ba589db	IDENTICAL
apps/mobile/src/screens/HomeScreen.tsx	adec658dd82b33b7ab394ce7384f8b9ddd296c0e	55bce6db1f209093fd59a2f1e8235ab0b6c6afa9	DIFFERENT_REVIEW_REQUIRED
apps/mobile/src/screens/IntroScreen.tsx	740d3f19c9f12fab30f56df396e9053d86016770	fe7c9c713a42beed19997f3db2a8dac8ce7eb5c7	DIFFERENT_REVIEW_REQUIRED
apps/mobile/src/screens/KeyReferenceScreen.tsx	c55e86a3aefefd16589516f82d9bdf75f5f14055	c55e86a3aefefd16589516f82d9bdf75f5f14055	IDENTICAL
apps/mobile/src/screens/MetronomeScreen.tsx	5d41d73b1b570e26a8f4b8fa466c1cb465a4fca6	e8a26891adf023b9b7b7051402a3345588949684	DIFFERENT_REVIEW_REQUIRED
apps/mobile/src/screens/OfflineDownloadsScreen.tsx	4edda0c4c20e5269805d238dd9745966d1199a53	5493107a7102b2fe6da6f4107a4c7c3f5189c637	DIFFERENT_REVIEW_REQUIRED
apps/mobile/src/screens/PerformerScreen.tsx	f889bdafc1f1ed8bcc122aded3bc1fb73377a68f	10fc2ffd4846179b32a3864af22c02ba547dd515	DIFFERENT_REVIEW_REQUIRED
apps/mobile/src/screens/PitchPipeScreen.tsx	8e2c8729e070530c14608eb32005f23aa929f2d2	603d9546008ea12e5aeedbb493d084f2e81f822d	DIFFERENT_REVIEW_REQUIRED
apps/mobile/src/screens/ReflectionComposeScreen.tsx	09f034e1ceaa7494a93d3df0057f5cda22f3c926	c03bba7959dda3591eb5eea4beb867377cd489dd	DIFFERENT_REVIEW_REQUIRED
apps/mobile/src/screens/ReflectionJournalScreen.tsx	aa6db7e54960d9635e0da9781b93dedcbb8aac06	ca52803ad0407a04b4a61c00ac6184f49b737f7e	DIFFERENT_REVIEW_REQUIRED
apps/mobile/src/screens/ResetPasswordScreen.tsx	6980b0ef1c1492dfce8b4f11831963b63d79aac0	6980b0ef1c1492dfce8b4f11831963b63d79aac0	IDENTICAL
apps/mobile/src/screens/SessionFollowerScreen.tsx	986ac0c87625eac9ff90f494c8f780073e477de9	0116d1edea82e59fd260b9b398bb5cae1d2b4a98	DIFFERENT_REVIEW_REQUIRED
apps/mobile/src/screens/SetlistBuilderScreen.tsx	8fbc2de896ab49b4a62dd5af718b30e725f4ffce	04cc60df7338a7501608235d568addc6d7b3a109	DIFFERENT_REVIEW_REQUIRED
apps/mobile/src/screens/SetlistImportScreen.tsx	aed34db6ba901c92aa3547178b2ecba8a7a56979	2b98152385d5587bb6d0f458e75081e9ec9763a8	DIFFERENT_REVIEW_REQUIRED
apps/mobile/src/screens/SetlistsScreen.tsx	9429f73869a425457754661667b6cb3b1a6640a1	ca33d6d4055368fc23d5c10a6864292c56881c1e	DIFFERENT_REVIEW_REQUIRED
apps/mobile/src/screens/SettingsScreen.tsx	4d2ba469fc726944939533a3a6183cc4f5b475c2	4c3dadddecfcc2f45af390d1d8fe5fc5494bb1bd	DIFFERENT_REVIEW_REQUIRED
apps/mobile/src/screens/SongEditorScreen.tsx	9449a2bc92cce9899e81ef29dbdc3406547b27f4	4277b3d2cc94fdcdfd9c5d5cec76acb94b521fd4	DIFFERENT_REVIEW_REQUIRED
apps/mobile/src/screens/SongLibraryScreen.tsx	e60ab1d3c12789dc32b454922416af1cbdced293	ddeff963d5b5edd257b40132f31fae28348c8e5e	DIFFERENT_REVIEW_REQUIRED
apps/mobile/src/screens/SongbookBuilderScreen.tsx	d037403d2e8de05b7f0a14c7197a4b20a668825b	d037403d2e8de05b7f0a14c7197a4b20a668825b	IDENTICAL
apps/mobile/src/screens/SpritePickerScreen.tsx	9f749ecd687b6a54a70e15d2000e972d20f75fdb	9f749ecd687b6a54a70e15d2000e972d20f75fdb	IDENTICAL
apps/mobile/src/screens/TunerScreen.tsx	12bfc51ecf719c1fcc8de51939bd2fe5412a5e62	c20ed407738c57d2747223cc4fed3f9a3094435e	DIFFERENT_REVIEW_REQUIRED
apps/mobile/src/screens/UtilitiesScreen.tsx	43804e0ca0717198850089fa73d2043353f7afe3	145afdbd1dcf9ecdfad0e082d26818295748f6f8	DIFFERENT_REVIEW_REQUIRED
apps/mobile/src/theme/ThemeProvider.tsx	647b255bf663128096e1e5f9313bd148ade9e5e3	15fb4a247da86138b83b406206e0992b23b695d8	DIFFERENT_REVIEW_REQUIRED
apps/mobile/src/theme/navigationTheme.ts	9ffb78b711701666192b8146c1324f0177a01201	9ffb78b711701666192b8146c1324f0177a01201	IDENTICAL
apps/web/src/components/song/ChordRender.jsx	9cf73a5846fa74bb87cb6dab41e321e4c2466958	9cf73a5846fa74bb87cb6dab41e321e4c2466958	IDENTICAL
apps/web/src/components/song/StarButton.jsx	5fc7fc73101bbd35d4d1e2e3bbaa967fdd796c5c	5fc7fc73101bbd35d4d1e2e3bbaa967fdd796c5c	IDENTICAL
apps/web/src/hooks/__tests__/useAuth.test.jsx	a25d3ad70520f6ec1a00d0bc6b4d6552c3e4f9f2	a25d3ad70520f6ec1a00d0bc6b4d6552c3e4f9f2	IDENTICAL
apps/web/src/hooks/__tests__/useDraftSetlist.test.jsx	a2328c4b916ec99345b3562021fb92a6326bda1c	326b03d9ba0b0dab7710e33e404515028add6b4e	DIFFERENT_REVIEW_REQUIRED
apps/web/src/hooks/__tests__/useSetlistBuilder.test.jsx	ad3bd05ce55b7eacd3b2508f601eb916cad929b8	9dc839e564484053190802a9509ef73b11ab25fd	DIFFERENT_REVIEW_REQUIRED
apps/web/src/hooks/__tests__/useSongs.test.jsx	fbc096705d3fdfecabe2b376609f35585481de92	ea3eeb3952eb8da78f7d8365305f1ef2e246f5f3	DIFFERENT_REVIEW_REQUIRED
apps/web/src/hooks/useAuth.jsx	af544323c2ddd2e00153c2aba30432c39cb3aa93	af544323c2ddd2e00153c2aba30432c39cb3aa93	IDENTICAL
apps/web/src/hooks/useDraftSetlist.js	64756616b1dd26d9187d54319f43bef4f822f564	03f796c75077df679ab6b9a09f05b625b26cb700	DIFFERENT_REVIEW_REQUIRED
apps/web/src/hooks/useIsMobile.js	ca33dd07549f07ec697c3d64864511a4a5a15e72	1285023f343cc9d8ca5b8d197d22fba0fdd23850	DIFFERENT_REVIEW_REQUIRED
apps/web/src/hooks/useLocale.jsx	8a2ac5d18d194f7bbbc195488a83f75cbbdef4f7	8a2ac5d18d194f7bbbc195488a83f75cbbdef4f7	IDENTICAL
apps/web/src/hooks/usePersonalSetlists.js	d8950058bd251d164c68e969a0b1d2c48bd50599	06268adfee34b51c64c0e22f61a47b3591b1c04e	DIFFERENT_REVIEW_REQUIRED
apps/web/src/hooks/usePersonalSongs.js	1e9be27bd148a24ec9f57408c947636ba6c9c64c	5b1488ca06e15ffad37949b465efe5c59f80492d	DIFFERENT_REVIEW_REQUIRED
apps/web/src/hooks/usePosts.jsx	d50f847fecdc5fbc1b5118b1ec7342a6f40e7397	d50f847fecdc5fbc1b5118b1ec7342a6f40e7397	IDENTICAL
apps/web/src/hooks/useRole.js	451c77d46348fcb48f8ea6c320ac96fc9ed046ae	451c77d46348fcb48f8ea6c320ac96fc9ed046ae	IDENTICAL
apps/web/src/hooks/useSetlistBuilder.js	0e9517eab59ac6e98db966d22646c2410eae7268	3c143ddef0a7b52428eb6efa7f583fdc067f3d6b	DIFFERENT_REVIEW_REQUIRED
apps/web/src/hooks/useSettings.jsx	377f55153e191aaa2a46243123b788117c8046c5	6836b5f99952b6a828c355b269fcfbe8a46bcd86	DIFFERENT_REVIEW_REQUIRED
apps/web/src/hooks/useSongs.jsx	92c7241ab1a1f1100baaa453dc325bd51573f0dc	5185acc5294b47d65fa3bacd83b27698423c338d	DIFFERENT_REVIEW_REQUIRED
apps/web/src/utils/__tests__/rolesAndSuggestions.test.ts	509a56b1bac9bbb55c66d628cd9320dde17a0f2e	139744ef8db106d5d9304b1b7e27bce49e32a731	DIFFERENT_REVIEW_REQUIRED
apps/web/src/utils/__tests__/sessions.test.ts	fc263cd35cf63920e68166c75ea969b964b6d7b0	3ce33a6be75206a2469599e9e6a0602f1f8477d9	DIFFERENT_REVIEW_REQUIRED
apps/web/src/utils/app/__tests__/platform.test.js	804ae672b433a270c3c6b99115c6fd3d57fbd25b	804ae672b433a270c3c6b99115c6fd3d57fbd25b	IDENTICAL
apps/web/src/utils/app/lazyRoute.js	086a020c53a805ad4d27c715150609d92ccc8e5f	086a020c53a805ad4d27c715150609d92ccc8e5f	IDENTICAL
apps/web/src/utils/app/platform.js	62a19316c960b7ecc2219eb5980fcc3186cf01f6	62a19316c960b7ecc2219eb5980fcc3186cf01f6	IDENTICAL
apps/web/src/utils/app/theme.js	bb75dc9084278d7c9c45b36244a411c5e7578ffb	edf3b17cd42c0a757a4f0ee7ce9756cdeb66ab9c	DIFFERENT_REVIEW_REQUIRED
apps/web/src/utils/app/toast.js	a50abe84178b2e387ee5f8de32da02bd8e4a4a04	a50abe84178b2e387ee5f8de32da02bd8e4a4a04	IDENTICAL
apps/web/src/utils/archive/zip.js	04a82b499266d2d9deb4941abdf8f23b990fcb80	04a82b499266d2d9deb4941abdf8f23b990fcb80	IDENTICAL
apps/web/src/utils/bible/__tests__/direction.test.ts	29904e56f1ec71d97ad744d14e1886071c0e3d7c	29904e56f1ec71d97ad744d14e1886071c0e3d7c	IDENTICAL
apps/web/src/utils/bible/__tests__/translations.test.ts	900b6aeac2ac64de00fbc9e953af8d61724b6ab4	05ed7ea9e94db5cf4276b010b83b93f8c91185c0	DIFFERENT_REVIEW_REQUIRED
apps/web/src/utils/bible/chapters.ts	d2cd679983e80824291eb9004ee162f4c8aa1c38	d2cd679983e80824291eb9004ee162f4c8aa1c38	IDENTICAL
apps/web/src/utils/bible/direction.ts	66d22dcc8f787cd9a78db9b73689c0f5d8b0ef7a	66d22dcc8f787cd9a78db9b73689c0f5d8b0ef7a	IDENTICAL
apps/web/src/utils/bible/translationMenu.ts	2b2319b063a577bd94b311417979b09eeb628db1	2b2319b063a577bd94b311417979b09eeb628db1	IDENTICAL
apps/web/src/utils/bible/translations.ts	8feddf811ebfd91f4ba8a56203bc2b33b12eddff	8feddf811ebfd91f4ba8a56203bc2b33b12eddff	IDENTICAL
apps/web/src/utils/chordpro/__tests__/convert.test.ts	1515bac2586966ef958d7f7de05c62c5ee04947a	1515bac2586966ef958d7f7de05c62c5ee04947a	IDENTICAL
apps/web/src/utils/chordpro/__tests__/disclaimer.test.ts	b4fd17c930229c4759a56906ce487ec997203d89	fcc61d9bccc06c20813854cf4bf63c3563494567	DIFFERENT_REVIEW_REQUIRED
apps/web/src/utils/chordpro/__tests__/editing.test.ts	5c6706a4f98d0c290e7a9e9adc957b3421772f95	34b2b21cfb7034051a9b5d32c1b942cf618d510e	DIFFERENT_REVIEW_REQUIRED
apps/web/src/utils/chordpro/__tests__/features.test.ts	26e5c8c1bc9287e9602e9c96e1b43a945624b354	26e5c8c1bc9287e9602e9c96e1b43a945624b354	IDENTICAL
apps/web/src/utils/chordpro/__tests__/lint.test.ts	f75c0280b07c18ab267b8122edf48822d003b5c6	f75c0280b07c18ab267b8122edf48822d003b5c6	IDENTICAL
apps/web/src/utils/chordpro/__tests__/sections.test.ts	d21673e74945598f88eb18459209bec24d1edffa	d21673e74945598f88eb18459209bec24d1edffa	IDENTICAL
apps/web/src/utils/chordpro/__tests__/serialize.test.ts	7f7c141ce691816fa77a3357ac0f62c4d51da9fc	7f7c141ce691816fa77a3357ac0f62c4d51da9fc	IDENTICAL
apps/web/src/utils/chordpro/__tests__/solfege.test.js	500e3c8f088cbf688ad542b019d7b758296c9bc8	500e3c8f088cbf688ad542b019d7b758296c9bc8	IDENTICAL
apps/web/src/utils/chordpro/convert.ts	c3a70c9854edbd614ac9877cad476b4260184763	fd7bb8f8e9db4460f4c49164ccb9ad5b21f13960	DIFFERENT_REVIEW_REQUIRED
apps/web/src/utils/chordpro/diatonicChords.js	d447d12b7703732e6a5c958285f9d2b0b0f6eac3	c248a665b239b0e9f82661b3fb574d8d20db31cb	DIFFERENT_REVIEW_REQUIRED
apps/web/src/utils/chordpro/disclaimer.ts	1d170adfa24044613e711c1d019b5669c7422f08	4e7d6d78a6977d421d3f37c9b778762418003a9d	DIFFERENT_REVIEW_REQUIRED
apps/web/src/utils/chordpro/index.js	f10fd68e12a841e190d98a01cb42aa01a7dfd6b2	4cb86fbeda0166a8759a4f31ca24a3b1cbe3e3a9	DIFFERENT_REVIEW_REQUIRED
apps/web/src/utils/chordpro/lexer.ts	47165433ab32fed9a6e866f48d621e5025fd5cd7	74d5878c912c3339d26f32f70b785d0eecc91c96	DIFFERENT_REVIEW_REQUIRED
apps/web/src/utils/chordpro/lint.ts	1ce0088af934d9eb1ff539f70f4f219f47604d4d	401ab1976b0d0f8afa1586c79ada3c3ee098f9aa	DIFFERENT_REVIEW_REQUIRED
apps/web/src/utils/chordpro/parser.ts	e1deef5dbebc8b1f46d5ed24a5573e560d31ecee	8e4d74627cd2b1746b5da2c1f452eca4789b1877	DIFFERENT_REVIEW_REQUIRED
apps/web/src/utils/chordpro/serialize.ts	b39765a0750930ec83fa6b7c0814fa8e9dc06e11	25adfe34009d9e93cdec4a9ee3bebbcba5833f88	DIFFERENT_REVIEW_REQUIRED
apps/web/src/utils/chordpro/solfege.js	16d614f1e21e05eef7d111dc7856fa0db3519984	555478b61e229c26d2cf8abd0137c0f0b5acb5b7	DIFFERENT_REVIEW_REQUIRED
apps/web/src/utils/chordpro/types.ts	79151e23439ef858422fead8062fd93a31ec3a92	4baefaf7929cd1bd61bd0dc617c9248ec6210266	DIFFERENT_REVIEW_REQUIRED
apps/web/src/utils/export/__tests__/chordproArchive.test.js	51135b0bf378c33ab59d76cede08085f2f853f3d	426e70d4cac1d1530fff5cba9afbdc391c7d0125	DIFFERENT_REVIEW_REQUIRED
apps/web/src/utils/export/chordproArchive.js	bfbb9150f6afab60bd3a597b1754b9e9c45e217c	87a29d92a80e9fbd4c3e8cee8c51f9da15fa63dd	DIFFERENT_REVIEW_REQUIRED
apps/web/src/utils/export/combinePptx.js	50d3275e1ca620ca3193da1e440be7679fd84dd4	50d3275e1ca620ca3193da1e440be7679fd84dd4	IDENTICAL
apps/web/src/utils/export/downloadSetlist.js	0c60ad4bd2a35720a15283c7f06891b4bee592ef	0c60ad4bd2a35720a15283c7f06891b4bee592ef	IDENTICAL
apps/web/src/utils/media/__tests__/image.plan.test.js	2a9e13dfbfd026602baaa5ace11771fcb1e42783	2a9e13dfbfd026602baaa5ace11771fcb1e42783	IDENTICAL
apps/web/src/utils/media/__tests__/image.render.turkish.test.js	1b72139651035d9ceee11d8cf7462a240fc2f363	1b72139651035d9ceee11d8cf7462a240fc2f363	IDENTICAL
apps/web/src/utils/media/canvasFonts.js	03f08a02576613044bcff02f12f76f7efbe40d8e	03f08a02576613044bcff02f12f76f7efbe40d8e	IDENTICAL
apps/web/src/utils/media/image.js	e726274e0614a5ec45d2a948d844d8f4927709b8	e726274e0614a5ec45d2a948d844d8f4927709b8	IDENTICAL
apps/web/src/utils/media/jpgPlanner.js	84749b6ed9edcd144d8ae50ce3ef88e722142eb9	84749b6ed9edcd144d8ae50ce3ef88e722142eb9	IDENTICAL
apps/web/src/utils/media/smartPreviewAndShareJPG.ts	687db7aec3d9944d4d37720aa57827858edbd99a	f51f385a2de4d64998e6ad793dc6202ede881e3e	DIFFERENT_REVIEW_REQUIRED
apps/web/src/utils/network/fetchCache.js	0c5a21ea3e31ed4e1c7745bbb989b78ff7923554	0c5a21ea3e31ed4e1c7745bbb989b78ff7923554	IDENTICAL
apps/web/src/utils/network/github.js	c33fd2f1e94513153cb898dc1e105b0ca1fd488d	c33fd2f1e94513153cb898dc1e105b0ca1fd488d	IDENTICAL
apps/web/src/utils/network/headCache.js	fac92f0b64214d2149dd34dbaa011b161bf4b200	fac92f0b64214d2149dd34dbaa011b161bf4b200	IDENTICAL
apps/web/src/utils/network/publicUrl.js	bc6ffcc03eb34524b3c2740db75d9566e7c9ac5e	bc6ffcc03eb34524b3c2740db75d9566e7c9ac5e	IDENTICAL
apps/web/src/utils/pdf_mvp/README.md	d80ef1f2f283109b52993084db92d4982d13b82f	d80ef1f2f283109b52993084db92d4982d13b82f	IDENTICAL
apps/web/src/utils/pdf_mvp/fonts.js	757c6a59a657341588b1e88d6d5231d0a72261c6	757c6a59a657341588b1e88d6d5231d0a72261c6	IDENTICAL
apps/web/src/utils/pdf_mvp/fontsR2.js	42eab3fd7d5b3ee843bd65718df67656d0926ce4	2fb57fdb726ff696ab04c54da47c5e5c12634e8e	DIFFERENT_REVIEW_REQUIRED
apps/web/src/utils/pdf_mvp/footer.js	825155f89c2a050c21a31f148e1d0be77e36d8ce	825155f89c2a050c21a31f148e1d0be77e36d8ce	IDENTICAL
apps/web/src/utils/pdf_mvp/index.js	b97ad981f821e55faa865b31844dc1e492f1dde2	8cda7aaf74315f7bad975bb2debaf77a771bfedd	DIFFERENT_REVIEW_REQUIRED
apps/web/src/utils/pdf_mvp/pngRaster.js	92332f2099e9c7405a76a8af15713482c1b0e271	1567e028b172e83157ab0bc3974f08efca8e9bc5	DIFFERENT_REVIEW_REQUIRED
apps/web/src/utils/pdf_mvp/pure.js	1a252daf9eda27f54e297163c0dd03dac45ad125	09107b6357417f6e1cc24a43f0507c2c3d2e9b26	DIFFERENT_REVIEW_REQUIRED
apps/web/src/utils/pdf_mvp/serverSong.js	e955e31066622b797a27bfe0aada4bdc21270063	629e9b7757e67e13efc793cbb1a51d0f26ef61d6	DIFFERENT_REVIEW_REQUIRED
apps/web/src/utils/setlists/__tests__/setcode.verseTranslation.test.js	9943f32282ae9538f5110b17754a28d2b22b9e2d	9943f32282ae9538f5110b17754a28d2b22b9e2d	IDENTICAL
apps/web/src/utils/setlists/entries.js	0b4ca636967f9fbd757ff9c2234b9dcdf4a472d7	b66dc4a8463bc4337d696dac1ddf54dd06e945b1	DIFFERENT_REVIEW_REQUIRED
apps/web/src/utils/setlists/setcode.js	35968e30eb9f3a531ba1f58f9af9453248735791	19bfbb27e59d7ce7859fa0305dbe49a7b2035084	DIFFERENT_REVIEW_REQUIRED
apps/web/src/utils/songs/__tests__/chordLineLayout.test.js	ad72e9cd87ea8cb1e5e93d1c443c85b7c64343e2	ad72e9cd87ea8cb1e5e93d1c443c85b7c64343e2	IDENTICAL
apps/web/src/utils/songs/__tests__/instrumental.test.ts	f621616c9ca2cda1f0270a0a3053358f08797366	f621616c9ca2cda1f0270a0a3053358f08797366	IDENTICAL
apps/web/src/utils/songs/__tests__/search.lvm.test.js	f88842c0f7c208b2b1f5b3a1930c482585844189		REFERENCE_PATH_ABSENT
apps/web/src/utils/songs/__tests__/slug.test.ts	17738d45f0b9d2b5f1f4cd86e07fec1de6856bfb	8404a1faedf4c2743bbd773ce7067888247c2435	DIFFERENT_REVIEW_REQUIRED
apps/web/src/utils/songs/__tests__/songAuthoring.test.ts	d7eea80d3efbef10fac9ee0ef3bd800fe3f2cb95	83e0b29de5df18b63bb81abc30b32e7f42f75ba2	DIFFERENT_REVIEW_REQUIRED
apps/web/src/utils/songs/__tests__/songCatalog.translations.test.js	ff3644e3970d73da7bac24c6eb0b5fa71e7505d4	ff3644e3970d73da7bac24c6eb0b5fa71e7505d4	IDENTICAL
apps/web/src/utils/songs/__tests__/songMetadata.inherit.test.js	5ba061be599ad9d111c89fe8c0e87c68c86f128c	5ba061be599ad9d111c89fe8c0e87c68c86f128c	IDENTICAL
apps/web/src/utils/songs/__tests__/tags.test.js	fbe41425cff10f9f443e4e4d8569133908f66e85	fbe41425cff10f9f443e4e4d8569133908f66e85	IDENTICAL
apps/web/src/utils/songs/__tests__/verseRef.translation.test.js	4b64223dc245451b294184c0f63672b60b47b024	4b64223dc245451b294184c0f63672b60b47b024	IDENTICAL
apps/web/src/utils/songs/chordLineLayout.js	5b2959db5bfb4209a1e3278825c6af50480b7e2c	5b2959db5bfb4209a1e3278825c6af50480b7e2c	IDENTICAL
apps/web/src/utils/songs/chords.js	791c36d7fed1fe80f26e61756609f01af8b6b345	19dcc07a85f060863aa8e57a814ebabcd8a4f96b	DIFFERENT_REVIEW_REQUIRED
apps/web/src/utils/songs/instrumental.js	c9aeae8c519af48bc07f4d32ef600f922bfb1236	706a11236be4e1a411a83f3ecab701da2bdb80fb	DIFFERENT_REVIEW_REQUIRED
apps/web/src/utils/songs/quickActions.js	c956d0c1657d05b568775c6489608052e0130956	c956d0c1657d05b568775c6489608052e0130956	IDENTICAL
apps/web/src/utils/songs/search.js	2653ea16beb80441a171bb2526ac2c8d04ab0201	37f724e835478f77bbf513875b4deeac757e5ae9	DIFFERENT_REVIEW_REQUIRED
apps/web/src/utils/songs/songCatalog.js	68293d682f0f0a6d1ddd83ae709d277ddb30d82d	68293d682f0f0a6d1ddd83ae709d277ddb30d82d	IDENTICAL
apps/web/src/utils/songs/songMetadata.js	7b462f6fb2226fe951393308e026052c340b7712	24faa58c3bc10299d1ac34ddc3100750e8dd27d9	DIFFERENT_REVIEW_REQUIRED
apps/web/src/utils/songs/songStatus.js	fabf99c37c82ca61315e9a79aff62871db426131	fabf99c37c82ca61315e9a79aff62871db426131	IDENTICAL
apps/web/src/utils/songs/sort.js	ab34a68609e32249a4c013f80a73f675cc64e9bd	12a81f41eb25eaab23e35ff72208ffc3a828997c	DIFFERENT_REVIEW_REQUIRED
apps/web/src/utils/songs/tags.js	aeba9740b0101284e6c157afcc2de952b3b48caf	aeba9740b0101284e6c157afcc2de952b3b48caf	IDENTICAL
apps/web/src/utils/songs/verseRef.js	5627c6b9e016cfba1f92110253df54330908581b	e6d20ca67ef0e10b5787a10ecc04723786c697c3	DIFFERENT_REVIEW_REQUIRED
packages/core/package.json	8e719372ab8cd0664427e6f12b55d1867145eb9b	906d5e75e55d72380e65e3fe015e06fdb656a6b5	DIFFERENT_REVIEW_REQUIRED
packages/core/src/auth/authErrorKey.ts	6936960594e0d119a0d880b763f6d3270ca55aa9	6936960594e0d119a0d880b763f6d3270ca55aa9	IDENTICAL
packages/core/src/auth/passwordPolicy.ts	02ac652d29b36d59da1cbcd791b47a1b410c77d1	02ac652d29b36d59da1cbcd791b47a1b410c77d1	IDENTICAL
packages/core/src/bible/chapterCounts.ts	d7fb9db319d6e55f6c0ae877934e6bc95e2b083e	d7fb9db319d6e55f6c0ae877934e6bc95e2b083e	IDENTICAL
packages/core/src/bible/chapters.ts	e0a4039b22a30952f858094b75ee2a04cb072624	effd4de36dcab47fd46d6ed87ca6a35b3757ba98	DIFFERENT_REVIEW_REQUIRED
packages/core/src/bible/direction.ts	0a01d8900b88012747ff9aa8e0c63ac5e789f093	0a01d8900b88012747ff9aa8e0c63ac5e789f093	IDENTICAL
packages/core/src/bible/index.ts	f6086d720c11ea53c4bf69fa048e157db26cb799	f6086d720c11ea53c4bf69fa048e157db26cb799	IDENTICAL
packages/core/src/bible/mcheyne.plan.json	54938381a7fea37ad52fbbb5ad233961452f2b4c	54938381a7fea37ad52fbbb5ad233961452f2b4c	IDENTICAL
packages/core/src/bible/plan.ts	1a6af8f861474596f3d554deccee4c7380368dff	1a6af8f861474596f3d554deccee4c7380368dff	IDENTICAL
packages/core/src/bible/selection.ts	463260bb7963dfd199c68e1591dd648f729bef0f	463260bb7963dfd199c68e1591dd648f729bef0f	IDENTICAL
packages/core/src/bible/translationMenu.ts	b8306bd74e65a4aaf99759842c6724bfa3fa5a0c	b8306bd74e65a4aaf99759842c6724bfa3fa5a0c	IDENTICAL
packages/core/src/bible/translations.ts	d881457063081603d674face7e269630ff58f907	d881457063081603d674face7e269630ff58f907	IDENTICAL
packages/core/src/bible/types.ts	8f423136f830c093b71e6c2a3113732d0401c945	8f6be35cc54c0089f8de230b1a4daba1e2d432da	DIFFERENT_REVIEW_REQUIRED
packages/core/src/bible/verseLines.ts	bbae2d9005d4835d72973add95eb0f766c6b1143	bbae2d9005d4835d72973add95eb0f766c6b1143	IDENTICAL
packages/core/src/chordpro/convert.ts	a261e305aea14dd4caa446a169828769a45758d7	a261e305aea14dd4caa446a169828769a45758d7	IDENTICAL
packages/core/src/chordpro/diatonicChords.js	af84e2c3817852335565e174db22c365aec93122	af84e2c3817852335565e174db22c365aec93122	IDENTICAL
packages/core/src/chordpro/editing.ts	9f666f4857648696c037e1a896375f91fabc3f30	9f666f4857648696c037e1a896375f91fabc3f30	IDENTICAL
packages/core/src/chordpro/index.js	cad588c3c29328cfc7337631bbf261ce7ab9b43d	cad588c3c29328cfc7337631bbf261ce7ab9b43d	IDENTICAL
packages/core/src/chordpro/lexer.ts	5adf8f435cf8596bac22a3f395040586b496a281	5adf8f435cf8596bac22a3f395040586b496a281	IDENTICAL
packages/core/src/chordpro/lint.ts	01d7f3b7d18cccc18da7256dea4ca5caae113196	01d7f3b7d18cccc18da7256dea4ca5caae113196	IDENTICAL
packages/core/src/chordpro/parser.ts	865854c0a220186fa3e3885c906adca899eb8cb3	865854c0a220186fa3e3885c906adca899eb8cb3	IDENTICAL
packages/core/src/chordpro/scaleDegrees.ts	f9617a9dd8b018332c8aca110ed6f253aa8e298d	f9617a9dd8b018332c8aca110ed6f253aa8e298d	IDENTICAL
packages/core/src/chordpro/serialize.ts	964b4826820ba875dfe2b4bdfce7ed5fe311a827	964b4826820ba875dfe2b4bdfce7ed5fe311a827	IDENTICAL
packages/core/src/chordpro/solfege.js	512e87033f5a4775038cba24a47c393e04665409	512e87033f5a4775038cba24a47c393e04665409	IDENTICAL
packages/core/src/chordpro/types.ts	5d84372b631af206cdffc89b5ffd2cca742815c0	5d84372b631af206cdffc89b5ffd2cca742815c0	IDENTICAL
packages/core/src/devotional/dayKey.ts	fba6ee17b1f36a38cc81821181e6701fd331aefc	fba6ee17b1f36a38cc81821181e6701fd331aefc	IDENTICAL
packages/core/src/devotional/manifest.ts	c27fb3c1e9bcd6759c2e53872912fec6fe857083	c27fb3c1e9bcd6759c2e53872912fec6fe857083	IDENTICAL
packages/core/src/devotional/selection.ts	6f7720852ce7ea40968058256211f7efa2c1d157	6f7720852ce7ea40968058256211f7efa2c1d157	IDENTICAL
packages/core/src/devotional/types.ts	5c9834c2b605adf95507bc8b63cacc135f2b7b7b	1e98f6819ebb63d23dd58eeacac4b2f800187011	DIFFERENT_REVIEW_REQUIRED
packages/core/src/format/relativeTime.ts	c938c7b54343f242d70d91f0e5258a89ccbce992	c938c7b54343f242d70d91f0e5258a89ccbce992	IDENTICAL
packages/core/src/index.ts	53563ffa41dfa1c13ff5e4d1adf74b066daded17	0185eeae7d0c2bff5119a5a6c48faaa36a7ae470	DIFFERENT_REVIEW_REQUIRED
packages/core/src/rbac/roles.js	15d3168417b5bd208836a5c1233705b7bafa6702	15d3168417b5bd208836a5c1233705b7bafa6702	IDENTICAL
packages/core/src/rbac/userRole.js	de52b8d5b3034b868bc9d2813296ac829f48e8d5	de52b8d5b3034b868bc9d2813296ac829f48e8d5	IDENTICAL
packages/core/src/reflections/reflectionsRepo.js	391c71b23228e9f4a9b21da8797db07948e99c2d	391c71b23228e9f4a9b21da8797db07948e99c2d	IDENTICAL
packages/core/src/reflections/types.ts	cdfd3c71a34c41fef6fd39cbdd180e3e4a7e6b3d	cdfd3c71a34c41fef6fd39cbdd180e3e4a7e6b3d	IDENTICAL
packages/core/src/sessions/sessionCode.js	666bf8e9e6babaf38df92aed4a91424f797e07d7	666bf8e9e6babaf38df92aed4a91424f797e07d7	IDENTICAL
packages/core/src/sessions/sessionsRepo.js	ec79d9c794d8b1949c6c817d661160116bb9b7e4	ec79d9c794d8b1949c6c817d661160116bb9b7e4	IDENTICAL
packages/core/src/setlists/copyName.ts	0fdf213de38a5e583ca7a093d666aaf373fb83f3	0fdf213de38a5e583ca7a093d666aaf373fb83f3	IDENTICAL
packages/core/src/setlists/limits.js	eb7586a18ab72f642457876b3f503f9c5072ffdb	eb7586a18ab72f642457876b3f503f9c5072ffdb	IDENTICAL
packages/core/src/setlists/setcode.js	8443c30a848d7e746228628aeec580e8fe3ac0d1	8443c30a848d7e746228628aeec580e8fe3ac0d1	IDENTICAL
packages/core/src/setlists/setlistSummary.js	801188409da4cd28a3381f2b9e422916f9a5892d	801188409da4cd28a3381f2b9e422916f9a5892d	IDENTICAL
packages/core/src/setlists/setlistsRepo.js	4cf4bfa2c04ef47c32876503a84cc25aaf532aae	4cf4bfa2c04ef47c32876503a84cc25aaf532aae	IDENTICAL
packages/core/src/songs/chords.js	328e81fc40ee0dcac0e2a86c4c2d88e85bbffee4	328e81fc40ee0dcac0e2a86c4c2d88e85bbffee4	IDENTICAL
packages/core/src/songs/instrumental.js	f9c959eb7fed4b16878375dbaf57b27299877368	f9c959eb7fed4b16878375dbaf57b27299877368	IDENTICAL
packages/core/src/songs/pdfImport.ts	596f84406b67ec283c00f336af83bbde1f6e2a78	35756b12e312626a7e97bb675b98f09934596384	DIFFERENT_REVIEW_REQUIRED
packages/core/src/songs/personalSongsRepo.js	a7eb96eba21ebeeecb6d6012f3b611fc7a6bcd90	a7eb96eba21ebeeecb6d6012f3b611fc7a6bcd90	IDENTICAL
packages/core/src/songs/slug.ts	901546979e0181e287029b64ab9deeb6c27a7d7c	901546979e0181e287029b64ab9deeb6c27a7d7c	IDENTICAL
packages/core/src/songs/songAuthoring.ts	099383ff1240e160a5341c0589724f71cec9ad74	099383ff1240e160a5341c0589724f71cec9ad74	IDENTICAL
packages/core/src/songs/songMetadata.js	56cf659cbb04f991e7ea3db9fe072637b5bd5c39	56cf659cbb04f991e7ea3db9fe072637b5bd5c39	IDENTICAL
packages/core/src/songs/songSuggestions.js	822467573886e26371ca5a28dff8c0ae22d499c4	822467573886e26371ca5a28dff8c0ae22d499c4	IDENTICAL
packages/core/src/songs/songsRepo.js	535a1310f939b67018991564710ccc46d1085f3b	535a1310f939b67018991564710ccc46d1085f3b	IDENTICAL
packages/core/src/songs/songsWriteRepo.js	96c1ee5f1d9d66f09bdba7a7625f08eb05bc6533	96c1ee5f1d9d66f09bdba7a7625f08eb05bc6533	IDENTICAL
packages/core/src/songs/sort.js	f631091659314e38ea4416a0bd5a2ff02d868e8d	f631091659314e38ea4416a0bd5a2ff02d868e8d	IDENTICAL
packages/core/src/songs/verseRef.js	2ca583a4ff38c721442e1b71e4bc23d8dba766ca	2ca583a4ff38c721442e1b71e4bc23d8dba766ca	IDENTICAL
packages/core/src/supabase/client.js	c1d9fb21eee0c52bd7bbdd2b8e83b4cff59486e7	c1d9fb21eee0c52bd7bbdd2b8e83b4cff59486e7	IDENTICAL
