"path"	"c4_lvm_blob"	"current_lvm_blob"	"reference_path"	"reference_blob"	"post_c5_relation"
"apps/studio/.gitignore"	"0704eb1562d2ad566d81219f28ff6581d9322cce"	"0704eb1562d2ad566d81219f28ff6581d9322cce"	"apps/studio/.gitignore"	"0704eb1562d2ad566d81219f28ff6581d9322cce"	"IDENTICAL_REFERENCE"
"apps/studio/La Voz Misionera Studio/La Voz Misionera Studio.xcodeproj/project.pbxproj"	"167e1f3497c463d1c3813e9ff7a8dc414e2df76a"	"167e1f3497c463d1c3813e9ff7a8dc414e2df76a"	"apps/studio/GraceChords Studio/GraceChords Studio.xcodeproj/project.pbxproj"	"8d74f944a7405c371b504e41ce139d0c49717774"	"UNCHANGED_REVIEW_REQUIRED"
"apps/studio/La Voz Misionera Studio/La Voz Misionera Studio.xcodeproj/project.xcworkspace/contents.xcworkspacedata"	"919434a6254f0e9651f402737811be6634a03e9c"	"919434a6254f0e9651f402737811be6634a03e9c"	"apps/studio/GraceChords Studio/GraceChords Studio.xcodeproj/project.xcworkspace/contents.xcworkspacedata"	"919434a6254f0e9651f402737811be6634a03e9c"	"IDENTICAL_REFERENCE"
"apps/studio/La Voz Misionera Studio/La Voz Misionera Studio.xcodeproj/project.xcworkspace/xcshareddata/WorkspaceSettings.xcsettings"	"0c67376ebacb410fd873cac1d8d8dd431b262c02"	"0c67376ebacb410fd873cac1d8d8dd431b262c02"	"apps/studio/GraceChords Studio/GraceChords Studio.xcodeproj/project.xcworkspace/xcshareddata/WorkspaceSettings.xcsettings"	"0c67376ebacb410fd873cac1d8d8dd431b262c02"	"IDENTICAL_REFERENCE"
"apps/studio/La Voz Misionera Studio/La Voz Misionera Studio.xcodeproj/project.xcworkspace/xcshareddata/swiftpm/Package.resolved"	"51f9fb3220f0723d8620ae2b2dd9aa1868bcfcad"	"51f9fb3220f0723d8620ae2b2dd9aa1868bcfcad"	"apps/studio/GraceChords Studio/GraceChords Studio.xcodeproj/project.xcworkspace/xcshareddata/swiftpm/Package.resolved"	"51f9fb3220f0723d8620ae2b2dd9aa1868bcfcad"	"IDENTICAL_REFERENCE"
"apps/studio/La Voz Misionera Studio/La Voz Misionera Studio.xcodeproj/xcshareddata/xcschemes/La Voz Misionera StudioTests.xcscheme"	"bcc7c7996dc1976df21197576426a43526861160"	"bcc7c7996dc1976df21197576426a43526861160"	"apps/studio/GraceChords Studio/GraceChords Studio.xcodeproj/xcshareddata/xcschemes/GraceChords StudioTests.xcscheme"	"a55755c9a952f9fc76cd435e6e8bd4b12ac627c3"	"UNCHANGED_REVIEW_REQUIRED"
"apps/studio/La Voz Misionera Studio/La Voz Misionera Studio/Assets.xcassets/AccentColor.colorset/Contents.json"	"c053a00ce13cc7a4b616e2ff910f7aae7b931dcd"	"c053a00ce13cc7a4b616e2ff910f7aae7b931dcd"	"apps/studio/GraceChords Studio/GraceChords Studio/Assets.xcassets/AccentColor.colorset/Contents.json"	"c053a00ce13cc7a4b616e2ff910f7aae7b931dcd"	"IDENTICAL_REFERENCE"
"apps/studio/La Voz Misionera Studio/La Voz Misionera Studio/Assets.xcassets/AppIcon.appiconset/Contents.json"	"957ae50e252b3777e48e5b4d7e8c65f0d73ddc7b"	"2c4ea099a455e20f7ff736fa0423c0b92c7b70aa"	"apps/studio/GraceChords Studio/GraceChords Studio/Assets.xcassets/AppIcon.appiconset/Contents.json"	"1339a16e187c9db8ba79a357da458f30392bb166"	"CHANGED_SINCE_C4_REVIEW_REQUIRED"
"apps/studio/La Voz Misionera Studio/La Voz Misionera Studio/Assets.xcassets/AppIcon.appiconset/icon_128x128.png"	"c33d31f67cc3a0264cb8ebc087ff499fa459f00f"	"a351638197bfdd13703bc7e7cc3ad7448ca3a240"	"apps/studio/GraceChords Studio/GraceChords Studio/Assets.xcassets/AppIcon.appiconset/icon_128x128.png"	"c33d31f67cc3a0264cb8ebc087ff499fa459f00f"	"CHANGED_SINCE_C4_REVIEW_REQUIRED"
"apps/studio/La Voz Misionera Studio/La Voz Misionera Studio/Assets.xcassets/AppIcon.appiconset/icon_128x128@2x.png"	"700e4159f2fad01ea6ad21876c846ed7543c4f71"	"3cc86170995cea65fd3a50c97c4c90c7a7d1ca3a"	"apps/studio/GraceChords Studio/GraceChords Studio/Assets.xcassets/AppIcon.appiconset/icon_128x128@2x.png"	"700e4159f2fad01ea6ad21876c846ed7543c4f71"	"CHANGED_SINCE_C4_REVIEW_REQUIRED"
"apps/studio/La Voz Misionera Studio/La Voz Misionera Studio/Assets.xcassets/AppIcon.appiconset/icon_16x16.png"	"3230dd5a1c6f357b9c864a21749669b349a7f3fd"	"5df528a2a4ecc58e2be8dde3d4245b0c6eb97acf"	"apps/studio/GraceChords Studio/GraceChords Studio/Assets.xcassets/AppIcon.appiconset/icon_16x16.png"	"3230dd5a1c6f357b9c864a21749669b349a7f3fd"	"CHANGED_SINCE_C4_REVIEW_REQUIRED"
"apps/studio/La Voz Misionera Studio/La Voz Misionera Studio/Assets.xcassets/AppIcon.appiconset/icon_16x16@2x.png"	"1123ab91ab1298ea9d947312b105b0a9623eb0dd"	"bf0fba8e1cbcd52474c60168ce91636bec79f4e5"	"apps/studio/GraceChords Studio/GraceChords Studio/Assets.xcassets/AppIcon.appiconset/icon_16x16@2x.png"	"1123ab91ab1298ea9d947312b105b0a9623eb0dd"	"CHANGED_SINCE_C4_REVIEW_REQUIRED"
"apps/studio/La Voz Misionera Studio/La Voz Misionera Studio/Assets.xcassets/AppIcon.appiconset/icon_256x256.png"	"700e4159f2fad01ea6ad21876c846ed7543c4f71"	"3cc86170995cea65fd3a50c97c4c90c7a7d1ca3a"	"apps/studio/GraceChords Studio/GraceChords Studio/Assets.xcassets/AppIcon.appiconset/icon_256x256.png"	"700e4159f2fad01ea6ad21876c846ed7543c4f71"	"CHANGED_SINCE_C4_REVIEW_REQUIRED"
"apps/studio/La Voz Misionera Studio/La Voz Misionera Studio/Assets.xcassets/AppIcon.appiconset/icon_256x256@2x.png"	"351195df40b9de59f501f1c40b5b4f8eac4107d7"	"00cdc34c9ecd6c1cd18597e477f1676e104f9f01"	"apps/studio/GraceChords Studio/GraceChords Studio/Assets.xcassets/AppIcon.appiconset/icon_256x256@2x.png"	"351195df40b9de59f501f1c40b5b4f8eac4107d7"	"CHANGED_SINCE_C4_REVIEW_REQUIRED"
"apps/studio/La Voz Misionera Studio/La Voz Misionera Studio/Assets.xcassets/AppIcon.appiconset/icon_32x32.png"	"1123ab91ab1298ea9d947312b105b0a9623eb0dd"	"bf0fba8e1cbcd52474c60168ce91636bec79f4e5"	"apps/studio/GraceChords Studio/GraceChords Studio/Assets.xcassets/AppIcon.appiconset/icon_32x32.png"	"1123ab91ab1298ea9d947312b105b0a9623eb0dd"	"CHANGED_SINCE_C4_REVIEW_REQUIRED"
"apps/studio/La Voz Misionera Studio/La Voz Misionera Studio/Assets.xcassets/AppIcon.appiconset/icon_32x32@2x.png"	"b146650b77726ccd5c0d63d00927961126fed30c"	"d3dce2205cc4758668182ff41e5d90d5ee26b7c4"	"apps/studio/GraceChords Studio/GraceChords Studio/Assets.xcassets/AppIcon.appiconset/icon_32x32@2x.png"	"b146650b77726ccd5c0d63d00927961126fed30c"	"CHANGED_SINCE_C4_REVIEW_REQUIRED"
"apps/studio/La Voz Misionera Studio/La Voz Misionera Studio/Assets.xcassets/AppIcon.appiconset/icon_512x512.png"	"351195df40b9de59f501f1c40b5b4f8eac4107d7"	"00cdc34c9ecd6c1cd18597e477f1676e104f9f01"	"apps/studio/GraceChords Studio/GraceChords Studio/Assets.xcassets/AppIcon.appiconset/icon_512x512.png"	"351195df40b9de59f501f1c40b5b4f8eac4107d7"	"CHANGED_SINCE_C4_REVIEW_REQUIRED"
"apps/studio/La Voz Misionera Studio/La Voz Misionera Studio/Assets.xcassets/AppIcon.appiconset/icon_512x512@2x.png"	"70afa365a82c2d31c66ffd0eb484b99ca93d42a6"	"b4e785ad8c9f7034fad6fc47eb93e760667083c3"	"apps/studio/GraceChords Studio/GraceChords Studio/Assets.xcassets/AppIcon.appiconset/icon_512x512@2x.png"	"70afa365a82c2d31c66ffd0eb484b99ca93d42a6"	"CHANGED_SINCE_C4_REVIEW_REQUIRED"
"apps/studio/La Voz Misionera Studio/La Voz Misionera Studio/Assets.xcassets/Contents.json"	"73c00596a7fca3f3d4bdd64053b69d86745f9e10"	"73c00596a7fca3f3d4bdd64053b69d86745f9e10"	"apps/studio/GraceChords Studio/GraceChords Studio/Assets.xcassets/Contents.json"	"73c00596a7fca3f3d4bdd64053b69d86745f9e10"	"IDENTICAL_REFERENCE"
"apps/studio/La Voz Misionera Studio/La Voz Misionera Studio/Auth/AuthController.swift"	"57bb0e0a9f7f43844be8d75764091d030a3d4673"	"70aa4a5e70e83c80d37ff064c155a6e3c762b85b"	"apps/studio/GraceChords Studio/GraceChords Studio/Auth/AuthController.swift"	"07d0489002f3cd745e97f668dd1e4c367609266f"	"ACTIVE_RUNTIME_REIMPLEMENTED"
"apps/studio/La Voz Misionera Studio/La Voz Misionera Studio/Auth/SignInView.swift"	"4dd8529ffe552bdb03eb5eca74942c3f0ac13544"	"11dab149b600199d9683eb597051dcf940c34762"	"apps/studio/GraceChords Studio/GraceChords Studio/Auth/SignInView.swift"	"0b8e46d4fd516cbf9c1e148c71c5c05dd19a2363"	"CHANGED_SINCE_C4_REVIEW_REQUIRED"
"apps/studio/La Voz Misionera Studio/La Voz Misionera Studio/Config/StudioConfig.swift"	"da0359f1511c5336c4c36c991d60882835f90b2c"	"da0359f1511c5336c4c36c991d60882835f90b2c"	"apps/studio/GraceChords Studio/GraceChords Studio/Config/StudioConfig.swift"	"18548aebe3e336145e19a269f146c23f35f2e9d0"	"UNCHANGED_REVIEW_REQUIRED"
"apps/studio/La Voz Misionera Studio/La Voz Misionera Studio/Config/StudioDefaults.swift"	"1dbf41416d1a2b4816cffb466ecde20c67d774ed"	"4937bf6686d7bf2112686f85cfbafce66ae4a461"	"apps/studio/GraceChords Studio/GraceChords Studio/Config/StudioDefaults.swift"	"1472fab77383873823b459425089893e1b7af141"	"CHANGED_SINCE_C4_REVIEW_REQUIRED"
"apps/studio/La Voz Misionera Studio/La Voz Misionera Studio/ContentView.swift"	"76d4078b5833469997443f538860a1f3a1e0a992"	"29b0e54cd4110a9cde34ecf39adc1e12e8c19bf1"	"apps/studio/GraceChords Studio/GraceChords Studio/ContentView.swift"	"0f690f01801d20fb47ca34def32d2d5eb9b7a458"	"CHANGED_SINCE_C4_REVIEW_REQUIRED"
"apps/studio/La Voz Misionera Studio/La Voz Misionera Studio/Core/ChordProEditing.swift"	"aed2850f7dfa5d326168f7c13ba58683411b5e03"	"30b4d607afb66fab0cb38f41ec35a28d8771fc9b"	"apps/studio/GraceChords Studio/GraceChords Studio/Core/ChordProEditing.swift"	"166caa6d0d5b7a4e8786fe7408e828b90fe220c6"	"ACTIVE_RUNTIME_REIMPLEMENTED"
"apps/studio/La Voz Misionera Studio/La Voz Misionera Studio/Core/ChordStyle.swift"	"c292851514f061358feff4172c903ae0aa6092a4"	"262e89d05f0f0521aa1dbe64de533599cd3d1413"	"apps/studio/GraceChords Studio/GraceChords Studio/Core/ChordStyle.swift"	"ed84ce1d23e54cb80e11f4e0b482a9bdae29f066"	"ACTIVE_RUNTIME_REIMPLEMENTED"
"apps/studio/La Voz Misionera Studio/La Voz Misionera Studio/Core/CoreBridge.swift"	"dcf88c1990abaaf78c97e0197ed237c2e30d30fd"	"a15da940af01280957f0dd4110c09e1e59247970"	"apps/studio/GraceChords Studio/GraceChords Studio/Core/CoreBridge.swift"	"4a932da31d84478a57eeef333febcd3db48a0b04"	"ACTIVE_RUNTIME_REIMPLEMENTED"
"apps/studio/La Voz Misionera Studio/La Voz Misionera Studio/Core/LintWarning.swift"	"32f1c8eac9522fc63d8a360920dfd67761ec266f"	"a6244ed5029d522b2eb69c5178d6f203b7f12133"	"apps/studio/GraceChords Studio/GraceChords Studio/Core/LintWarning.swift"	"22b62588f0736164d0c1992f85f3055b61650241"	"ACTIVE_RUNTIME_REIMPLEMENTED"
"apps/studio/La Voz Misionera Studio/La Voz Misionera Studio/Core/SongDoc.swift"	"736e7523f9a2ce68d0c4b5a8204e880b806cf7c0"	"b66e186627c8f02ad45c55416732355dea8a1b13"	"apps/studio/GraceChords Studio/GraceChords Studio/Core/SongDoc.swift"	"eab989c5f86ae620b05d4d1c1f445d06b60de837"	"ACTIVE_RUNTIME_REIMPLEMENTED"
"apps/studio/La Voz Misionera Studio/La Voz Misionera Studio/Data/SongModels.swift"	"b9c30fd89f35ea1c2e3cac65ec60c3e7bae11e73"	"e9951958f501ceec6138bdf8cd17d8d58b229c65"	"apps/studio/GraceChords Studio/GraceChords Studio/Data/SongModels.swift"	"c0dc51198a735190fb74a123b0994aa46448ce3a"	"ACTIVE_RUNTIME_REIMPLEMENTED"
"apps/studio/La Voz Misionera Studio/La Voz Misionera Studio/Data/SongWritePayload.swift"	"e0010244ad52d4dab63bb61c749c95ed8f04be3c"	"05b31f068ef6daa02691c542ffa696bd8a271630"	"apps/studio/GraceChords Studio/GraceChords Studio/Data/SongWritePayload.swift"	"e1e20ba7d2114fcc517d688987abedd9cd2ab988"	"ACTIVE_RUNTIME_REIMPLEMENTED"
"apps/studio/La Voz Misionera Studio/La Voz Misionera Studio/Data/SongsRepository.swift"	"81d6cb9a6d7da5ce925484e90d4d37ed43c9e6dd"	"1f6c0699eaf77461db0bc7adfce52b4bc73478b7"	"apps/studio/GraceChords Studio/GraceChords Studio/Data/SongsRepository.swift"	"1eaeaa87be1e3aa1e49936258def66b3fbeff90e"	"ACTIVE_RUNTIME_REIMPLEMENTED"
"apps/studio/La Voz Misionera Studio/La Voz Misionera Studio/Data/StarsRepository.swift"	"0485ab6557b33103180f9a9e0b6b71f41c922fbf"	"f12b69698c9401ab1401273e2196e4308c541e68"	"apps/studio/GraceChords Studio/GraceChords Studio/Data/StarsRepository.swift"	"ac939fada42a82e6a81351916f011b802b3ee3a0"	"ACTIVE_RUNTIME_REIMPLEMENTED"
"apps/studio/La Voz Misionera Studio/La Voz Misionera Studio/Data/UserRepository.swift"	"3645fd0eac7ee9a8faf025823f99b8c2d82e1020"	"3279f68a5cc98143f59c38b3bf8c198723e7ff02"	"apps/studio/GraceChords Studio/GraceChords Studio/Data/UserRepository.swift"	"2e4bbd6c0bb3a6e5ed3ff988b2a0d7b29ad95fb4"	"ACTIVE_RUNTIME_REIMPLEMENTED"
"apps/studio/La Voz Misionera Studio/La Voz Misionera Studio/Design/DesignTokens.generated.swift"	"e5d4b42fa3c67956e7d0e0740a7e283fd37abbfd"	"6d3b27e8694eb1c19360b0ea2da18085343e95d9"	"apps/studio/GraceChords Studio/GraceChords Studio/Design/DesignTokens.generated.swift"	"044ea9a948a1df139089951752c3cf6c343533d7"	"CHANGED_SINCE_C4_REVIEW_REQUIRED"
"apps/studio/La Voz Misionera Studio/La Voz Misionera Studio/Design/Theme.swift"	"3ade16c69c75056424f7b0fd389ac867da15d6df"	"35305d16aa52118e221a7f79e9b25791145154ff"	"apps/studio/GraceChords Studio/GraceChords Studio/Design/Theme.swift"	"60fb0e8db18ddf96adcbce5dab7f867a3bfccac7"	"CHANGED_SINCE_C4_REVIEW_REQUIRED"
"apps/studio/La Voz Misionera Studio/La Voz Misionera Studio/Editor/ChordProHighlighter.swift"	"2c06671d40bfcd5ad9d28a08a423e81bc7e61dbb"	"2c06671d40bfcd5ad9d28a08a423e81bc7e61dbb"	"apps/studio/GraceChords Studio/GraceChords Studio/Editor/ChordProHighlighter.swift"	"fd6f710ff47d590f096fee3aaff8a5006e67f296"	"UNCHANGED_REVIEW_REQUIRED"
"apps/studio/La Voz Misionera Studio/La Voz Misionera Studio/Editor/ChordProTextView.swift"	"947c178b1d902376450674acd6e2e062c5bbcaed"	"8906fe65779b173a191e31f9bbb62e247c2f58f8"	"apps/studio/GraceChords Studio/GraceChords Studio/Editor/ChordProTextView.swift"	"d5b908ede18b9e5430e0ebe01212baab7a1a48d4"	"CHANGED_SINCE_C4_REVIEW_REQUIRED"
"apps/studio/La Voz Misionera Studio/La Voz Misionera Studio/Editor/ChordProToolbar.swift"	"8da662f0ecc486b29b87ab2b006b4e3533196f57"	"b4a63544d8f828f61d090c3ed7d76d5a9ff5c5e1"	"apps/studio/GraceChords Studio/GraceChords Studio/Editor/ChordProToolbar.swift"	"ff7e5c684d5d32ca835a81fb7b34ef5a7c5c8426"	"CHANGED_SINCE_C4_REVIEW_REQUIRED"
"apps/studio/La Voz Misionera Studio/La Voz Misionera Studio/Editor/DraftStore.swift"	"2cc39c6016407a267e0608d5449df76e1b62f9fe"	"2cc39c6016407a267e0608d5449df76e1b62f9fe"	"apps/studio/GraceChords Studio/GraceChords Studio/Editor/DraftStore.swift"	"d05567814ba439ab5b7b0e3c57807341db67cbd1"	"UNCHANGED_REVIEW_REQUIRED"
"apps/studio/La Voz Misionera Studio/La Voz Misionera Studio/Editor/LintLocator.swift"	"bb353e2d0201d03e69d76fb8353afcae89616a2c"	"bb353e2d0201d03e69d76fb8353afcae89616a2c"	"apps/studio/GraceChords Studio/GraceChords Studio/Editor/LintLocator.swift"	"a02d901520c738aa9fcb868e44d9fd817b0bfdaf"	"UNCHANGED_REVIEW_REQUIRED"
"apps/studio/La Voz Misionera Studio/La Voz Misionera Studio/Editor/LintStrip.swift"	"bd869a0855c04d3883324161d17fc95905cc801e"	"524ce79077acf8bbef92e6fbfc36fc308d710631"	"apps/studio/GraceChords Studio/GraceChords Studio/Editor/LintStrip.swift"	"7fb70de9f2472b0b877abf1bc4fef62c804338f5"	"CHANGED_SINCE_C4_REVIEW_REQUIRED"
"apps/studio/La Voz Misionera Studio/La Voz Misionera Studio/Editor/MacroStore.swift"	"5c3929122a3862e371cc3a1531f131a36dc159c2"	"5c3929122a3862e371cc3a1531f131a36dc159c2"	"apps/studio/GraceChords Studio/GraceChords Studio/Editor/MacroStore.swift"	"3d3e3337c0b49169b46e57dfc460af8fa46376e5"	"UNCHANGED_REVIEW_REQUIRED"
"apps/studio/La Voz Misionera Studio/La Voz Misionera Studio/Editor/SongEditorModel.swift"	"c8fb5f3b839c3304f3ff99a58f979d5b35c1413c"	"c8fb5f3b839c3304f3ff99a58f979d5b35c1413c"	"apps/studio/GraceChords Studio/GraceChords Studio/Editor/SongEditorModel.swift"	"34c7e2bc1a83514fbc78598aa20a1b7602f7d832"	"UNCHANGED_REVIEW_REQUIRED"
"apps/studio/La Voz Misionera Studio/La Voz Misionera Studio/Editor/SongEditorView.swift"	"38d8b39fe877e06bdaf03b8fffccc1f5b89d8c86"	"135c054d6207fb533967f7f2b922e7a39d20944e"	"apps/studio/GraceChords Studio/GraceChords Studio/Editor/SongEditorView.swift"	"b8d9ab1c940470b7dac55afc0c62356c60c83e1c"	"CHANGED_SINCE_C4_REVIEW_REQUIRED"
"apps/studio/La Voz Misionera Studio/La Voz Misionera Studio/Editor/SongForm.swift"	"8b3b8de1ec41e39f5a52cbebb04b3135514a9a37"	"8b3b8de1ec41e39f5a52cbebb04b3135514a9a37"	"apps/studio/GraceChords Studio/GraceChords Studio/Editor/SongForm.swift"	"2284b3bf06c547050864f2cc16cf520e76bca2fd"	"UNCHANGED_REVIEW_REQUIRED"
"apps/studio/La Voz Misionera Studio/La Voz Misionera Studio/Editor/TagField.swift"	"bdb631d2339ea2199192c36561681bc4b81ccb9f"	"56f31cefaa746b004abeaf8cc8c90fafdd155710"	"apps/studio/GraceChords Studio/GraceChords Studio/Editor/TagField.swift"	"c1514162b4386854ffbea6067536cbd3989e9523"	"CHANGED_SINCE_C4_REVIEW_REQUIRED"
"apps/studio/La Voz Misionera Studio/La Voz Misionera Studio/Import/PDFImportModels.swift"	"252d07de873daa3ed205662ee1fed4c9da737fab"	"252d07de873daa3ed205662ee1fed4c9da737fab"	"apps/studio/GraceChords Studio/GraceChords Studio/Import/PDFImportModels.swift"	"391b4116769547c2698661ce0f2fd7a8f669ca73"	"UNCHANGED_REVIEW_REQUIRED"
"apps/studio/La Voz Misionera Studio/La Voz Misionera Studio/Import/PDFImportSheet.swift"	"5238cf62b7ad2ad70852ee5e4f4b826db8acd116"	"91f68e4c855b2a411e417d271428ff4b01b8c9b0"	"apps/studio/GraceChords Studio/GraceChords Studio/Import/PDFImportSheet.swift"	"4cd2df1608b5aa1df0ea0337ce0ce10783b46a4e"	"CHANGED_SINCE_C4_REVIEW_REQUIRED"
"apps/studio/La Voz Misionera Studio/La Voz Misionera Studio/Import/PDFTextExtractor.swift"	"6428dd5f746b7e64e028d40929839bedc85415e5"	"6428dd5f746b7e64e028d40929839bedc85415e5"	"apps/studio/GraceChords Studio/GraceChords Studio/Import/PDFTextExtractor.swift"	"5ea42cdf370a11d98caa2a08d3b15a49fa5abb14"	"UNCHANGED_REVIEW_REQUIRED"
"apps/studio/La Voz Misionera Studio/La Voz Misionera Studio/LaVozMisionera_StudioApp.swift"	"dc1c06fb8fc7907baffada91f87cab25116acc6f"	"2d8f633ebbdf664b711dec4e9e45725bfcf30336"	"apps/studio/GraceChords Studio/GraceChords Studio/GraceChords_StudioApp.swift"	"072d60bab28e41fa40fb7e270ef4944c99c7cb71"	"CHANGED_SINCE_C4_REVIEW_REQUIRED"
"apps/studio/La Voz Misionera Studio/La Voz Misionera Studio/Library/FilterSortView.swift"	"cce63087652a7e4193087b56c8143940bcb62fa3"	"f26a544f03b192e7a7550a5c37d9aca9fec8d4b6"	"apps/studio/GraceChords Studio/GraceChords Studio/Library/FilterSortView.swift"	"6acf5d8e859a4feaff04ef13a3e853fa76399636"	"CHANGED_SINCE_C4_REVIEW_REQUIRED"
"apps/studio/La Voz Misionera Studio/La Voz Misionera Studio/Library/LibrarySort.swift"	"0b278e1d99ce881fe6d1e3a638bb26c16e8d3d0d"	"0b278e1d99ce881fe6d1e3a638bb26c16e8d3d0d"	"apps/studio/GraceChords Studio/GraceChords Studio/Library/LibrarySort.swift"	"e79ab1a9ce9a9935b198fee300daa8358f12e6db"	"UNCHANGED_REVIEW_REQUIRED"
"apps/studio/La Voz Misionera Studio/La Voz Misionera Studio/Library/LibraryViewModel.swift"	"b85bfcb8a6fcf1e4fd6284d6c52ab334d895576d"	"b85bfcb8a6fcf1e4fd6284d6c52ab334d895576d"	"apps/studio/GraceChords Studio/GraceChords Studio/Library/LibraryViewModel.swift"	"8c27b444a1cb02c7b56cf37188858f92f637f6a3"	"UNCHANGED_REVIEW_REQUIRED"
"apps/studio/La Voz Misionera Studio/La Voz Misionera Studio/Library/SongLibraryView.swift"	"2588f232a53c0017898aebf1e5d2bc9bb6d0ff0c"	"be6dd76061db69f79a8665cd31202469c55ca6af"	"apps/studio/GraceChords Studio/GraceChords Studio/Library/SongLibraryView.swift"	"9f4228ffd288e6d390066db1c05b075f28a0c1f8"	"CHANGED_SINCE_C4_REVIEW_REQUIRED"
"apps/studio/La Voz Misionera Studio/La Voz Misionera Studio/Manage/EditorSession.swift"	"70db9b7c7af711f450c2371bf7c869d293785a3b"	"70db9b7c7af711f450c2371bf7c869d293785a3b"	"apps/studio/GraceChords Studio/GraceChords Studio/Manage/EditorSession.swift"	"0e86003f0e83923003c77a466e8422bebced1ee0"	"UNCHANGED_REVIEW_REQUIRED"
"apps/studio/La Voz Misionera Studio/La Voz Misionera Studio/Manage/ManageSongsView.swift"	"61d8495a76aae372048279ad5eef64a0611fd31f"	"29fb84e1a2281949c2d15ecf6ae1af17c4704491"	"apps/studio/GraceChords Studio/GraceChords Studio/Manage/ManageSongsView.swift"	"2d462b8b83547df884a5e143b8ac888526ae3aea"	"CHANGED_SINCE_C4_REVIEW_REQUIRED"
"apps/studio/La Voz Misionera Studio/La Voz Misionera Studio/Navigation/ShellNavigation.swift"	"ad015dfe0b07004e00d92a4e6a1f871759cd670a"	"ad015dfe0b07004e00d92a4e6a1f871759cd670a"	"apps/studio/GraceChords Studio/GraceChords Studio/Navigation/ShellNavigation.swift"	"1d946c7ea5b169961947fadca98062d8c47f3501"	"UNCHANGED_REVIEW_REQUIRED"
"apps/studio/La Voz Misionera Studio/La Voz Misionera Studio/Services/AppServices.swift"	"8066392fcc7f1720ce141fe6751f9bfbaf50fe37"	"ae167fc2c6910ae0f97c723ffada22eaf723cf55"	"apps/studio/GraceChords Studio/GraceChords Studio/Services/AppServices.swift"	"fc65331a8ab64f661b72dfd2724684477c8c273d"	"ACTIVE_RUNTIME_REIMPLEMENTED"
"apps/studio/La Voz Misionera Studio/La Voz Misionera Studio/Services/ExportService.swift"	"f60cda0604533658e24226a9fd07ab8186c72741"	"ea0cf9a3978980a8b13c4a266cadf375589886c6"	"apps/studio/GraceChords Studio/GraceChords Studio/Services/ExportService.swift"	"2c5b1f6801d94df7741d70a401ad6e7979ebdb2b"	"ACTIVE_RUNTIME_REIMPLEMENTED"
"apps/studio/La Voz Misionera Studio/La Voz Misionera Studio/StudioCommands.swift"	"ac44d20900fa7845cfeb6ba2aca95dba0a9573c2"	"ac44d20900fa7845cfeb6ba2aca95dba0a9573c2"	"apps/studio/GraceChords Studio/GraceChords Studio/StudioCommands.swift"	"b1d0acd651162b75aec602c674a96196d8ba97db"	"UNCHANGED_REVIEW_REQUIRED"
"apps/studio/La Voz Misionera Studio/La Voz Misionera Studio/Viewer/ChordChartView.swift"	"8db6f7994441b055823937ac0bc39055738d20df"	"4ab7878b51c16dab00036edf3fb60d3d32d31c9b"	"apps/studio/GraceChords Studio/GraceChords Studio/Viewer/ChordChartView.swift"	"bede4d1cfee4b06396b9c30e71822e4ad162a98f"	"CHANGED_SINCE_C4_REVIEW_REQUIRED"
"apps/studio/La Voz Misionera Studio/La Voz Misionera Studio/Viewer/ExportController.swift"	"ad27e7fc888ef6e8ad9c24bb1f78fd74e80c6b33"	"ad27e7fc888ef6e8ad9c24bb1f78fd74e80c6b33"	"apps/studio/GraceChords Studio/GraceChords Studio/Viewer/ExportController.swift"	"5f335a7610c00ebdba4a61030da135c3ca7f5cba"	"UNCHANGED_REVIEW_REQUIRED"
"apps/studio/La Voz Misionera Studio/La Voz Misionera Studio/Viewer/FlowLayout.swift"	"c8c33761ab46a6fbfd403a43fddb7cacffc3cda0"	"c8c33761ab46a6fbfd403a43fddb7cacffc3cda0"	"apps/studio/GraceChords Studio/GraceChords Studio/Viewer/FlowLayout.swift"	"e162c3f7ebd012c08d20a4dc787f73747da89299"	"UNCHANGED_REVIEW_REQUIRED"
"apps/studio/La Voz Misionera Studio/La Voz Misionera Studio/Viewer/KeepScreenAwake.swift"	"f24fc157feace696538f674e7b0c99804593edf1"	"f24fc157feace696538f674e7b0c99804593edf1"	"apps/studio/GraceChords Studio/GraceChords Studio/Viewer/KeepScreenAwake.swift"	"0683c537d329b1269901d1804e0ee6b31dac99af"	"UNCHANGED_REVIEW_REQUIRED"
"apps/studio/La Voz Misionera Studio/La Voz Misionera Studio/Viewer/KeyPickerView.swift"	"6b61ccdd0bdda02fdfa95c676955a6245dc968e0"	"2e3bf449a27ac05e55f81196832fe55966225b49"	"apps/studio/GraceChords Studio/GraceChords Studio/Viewer/KeyPickerView.swift"	"b7501f31eb7e515e92eeeb73a61a165e9858d60d"	"CHANGED_SINCE_C4_REVIEW_REQUIRED"
"apps/studio/La Voz Misionera Studio/La Voz Misionera Studio/Viewer/SongViewerModel.swift"	"b1eecac8d6a34a77e714607542dc27bd63e00533"	"b1eecac8d6a34a77e714607542dc27bd63e00533"	"apps/studio/GraceChords Studio/GraceChords Studio/Viewer/SongViewerModel.swift"	"12e23d84e657853a3eb2125c9d4436ad2ea4ef08"	"UNCHANGED_REVIEW_REQUIRED"
"apps/studio/La Voz Misionera Studio/La Voz Misionera Studio/Viewer/SongViewerView.swift"	"7afec39309ff1b6f348161aa3fabc5749205e850"	"4ac95e66b5aecf276e5ea25d765d060037953494"	"apps/studio/GraceChords Studio/GraceChords Studio/Viewer/SongViewerView.swift"	"53c30c452fb7229bb467e554519972da87054f05"	"CHANGED_SINCE_C4_REVIEW_REQUIRED"
"apps/studio/La Voz Misionera Studio/La Voz Misionera Studio/Viewer/StarButton.swift"	"f919379856b61d2107932fd8381ffe47a8a6d754"	"73375e9ef2c8ace33d05d4abb6d65f72988f2275"	"apps/studio/GraceChords Studio/GraceChords Studio/Viewer/StarButton.swift"	"97064e1a157187f7c78aa02aa94547eb3d3d137a"	"CHANGED_SINCE_C4_REVIEW_REQUIRED"
"apps/studio/La Voz Misionera Studio/La Voz Misionera Studio/Viewer/TransposeBar.swift"	"a1c81bbe63789361dc61f0a8ba2a3aea57d7485b"	"157225d82e207fe68423e3b99ec6ab3d58cfe61e"	"apps/studio/GraceChords Studio/GraceChords Studio/Viewer/TransposeBar.swift"	"8411e1554de1cf29a64510db88d676ceb1b3879b"	"CHANGED_SINCE_C4_REVIEW_REQUIRED"
"apps/studio/La Voz Misionera Studio/La Voz Misionera Studio/Viewer/TwoColumnChartView.swift"	"c45ecfb4d0e21781c9825f0c3308e50219d9ebdd"	"bd9743109a61eb16d5cca1ec0a5be36b43a2add2"	"apps/studio/GraceChords Studio/GraceChords Studio/Viewer/TwoColumnChartView.swift"	"37c9508da1a8c872a2416aa51adc1c187afeadac"	"CHANGED_SINCE_C4_REVIEW_REQUIRED"
"apps/studio/La Voz Misionera Studio/La Voz Misionera Studio/Viewer/ViewOptionsView.swift"	"16f4375f5703801d4bb2874784dd0ae46f3de39e"	"bb64be0860cfaa14786937e291d785455bf2733e"	"apps/studio/GraceChords Studio/GraceChords Studio/Viewer/ViewOptionsView.swift"	"6a3d6ff86078f6115d04ff8cb63882df1946f135"	"CHANGED_SINCE_C4_REVIEW_REQUIRED"
"apps/studio/La Voz Misionera Studio/La Voz Misionera Studio/Viewer/ViewerPrefs.swift"	"47cf9501b729f899d7d895cf6b6ec5c4a8cb503b"	"b5af5960d7d1b9fec269edada04a8416076df567"	"apps/studio/GraceChords Studio/GraceChords Studio/Viewer/ViewerPrefs.swift"	"9d1631a34b039c4bab434c647c0e5157c55c9e25"	"CHANGED_SINCE_C4_REVIEW_REQUIRED"
"apps/studio/La Voz Misionera Studio/La Voz Misionera StudioTests/ChordProHighlighterTests.swift"	"f8491f77e8e734f8ff337b8d1a42e7a0b3eaedd5"	"f8491f77e8e734f8ff337b8d1a42e7a0b3eaedd5"	"apps/studio/GraceChords Studio/GraceChords StudioTests/ChordProHighlighterTests.swift"	"2d10303e82b6add8bf4e8f4387044d1287a0157f"	"UNCHANGED_REVIEW_REQUIRED"
"apps/studio/La Voz Misionera Studio/La Voz Misionera StudioTests/ChordProTextViewTests.swift"	"882a52799d407a8d0f988ba144dcc88b547c7ca9"	"882a52799d407a8d0f988ba144dcc88b547c7ca9"	"apps/studio/GraceChords Studio/GraceChords StudioTests/ChordProTextViewTests.swift"	"631b619caeb57a64b402d780f79e22ae172e6bae"	"UNCHANGED_REVIEW_REQUIRED"
"apps/studio/La Voz Misionera Studio/La Voz Misionera StudioTests/DraftStoreTests.swift"	"7e9ba87575495b3da03e4e677d84031b1f4b5343"	"a981d91d5ad47d59516d1fb9b7a76bef7b0bfaff"	"apps/studio/GraceChords Studio/GraceChords StudioTests/DraftStoreTests.swift"	"c09c8590e8c55982d2e652ce2915f04492ee1ad3"	"CHANGED_SINCE_C4_REVIEW_REQUIRED"
"apps/studio/La Voz Misionera Studio/La Voz Misionera StudioTests/LintTests.swift"	"17a4a6eef339ea677962df3c391c8b3b585b298b"	"17a4a6eef339ea677962df3c391c8b3b585b298b"	"apps/studio/GraceChords Studio/GraceChords StudioTests/LintTests.swift"	"48d8a9587f8721807f0956198434b232dff03b4d"	"UNCHANGED_REVIEW_REQUIRED"
"apps/studio/La Voz Misionera Studio/La Voz Misionera StudioTests/SongEditorDraftTests.swift"	"daa98a9ba4717726ce0bb54e65bfdc3893bf1d70"	"daa98a9ba4717726ce0bb54e65bfdc3893bf1d70"	"apps/studio/GraceChords Studio/GraceChords StudioTests/SongEditorDraftTests.swift"	"972f3102582b0c28c66b5df22b29d79fe8232c58"	"UNCHANGED_REVIEW_REQUIRED"
"apps/studio/README.md"	"f716824ed91ed95e38068110fb77d1cb651edad7"	"273a9dbb099c7f9c39cd7c8746421a81206272d3"	"apps/studio/README.md"	"576e7cee44a2ad04b9289610ca702d96d21c6208"	"CHANGED_SINCE_C4_REVIEW_REQUIRED"
"apps/studio/SPIKE-RESULTS.md"	"558f2759c9e76c801d164fd83344cc0e727820e8"	"558f2759c9e76c801d164fd83344cc0e727820e8"	"apps/studio/SPIKE-RESULTS.md"	"0b4319eb0ed148bc99522951d7adf7fc2c4d23cb"	"UNCHANGED_REVIEW_REQUIRED"
"apps/studio/js/README.md"	"20b94d2cc2de8f4861033397d8a86dacdad9516d"	"20b94d2cc2de8f4861033397d8a86dacdad9516d"	"apps/studio/js/README.md"	"86d343dd37a92e712f878820686dd0c696f3c86b"	"UNCHANGED_REVIEW_REQUIRED"
"apps/studio/js/build-core-bundle.mjs"	"4ee5161f8799778d001bb2678efb3572bc4e9358"	"4ee5161f8799778d001bb2678efb3572bc4e9358"	"apps/studio/js/build-core-bundle.mjs"	"f448d51c0bac35fe47d398c46c92500e8a296d1a"	"UNCHANGED_REVIEW_REQUIRED"
"apps/studio/js/entry.mjs"	"3d4d520a6c84b80f537db09fce96060894b6ca98"	"3d4d520a6c84b80f537db09fce96060894b6ca98"	"apps/studio/js/entry.mjs"	"93a2d569bdc40495085ca0a77dc3942f6d131e4d"	"UNCHANGED_REVIEW_REQUIRED"
"apps/studio/js/pdf-draft.mjs"	"d79a31007fe4abe92a7b0da6bc269584e0eb4d60"	"d79a31007fe4abe92a7b0da6bc269584e0eb4d60"	"apps/studio/js/pdf-draft.mjs"	"c2d307220086aca100fff44eaf278071fa67a45d"	"UNCHANGED_REVIEW_REQUIRED"
"apps/studio/js/verify-bundle.mjs"	"57877670bd87a970be502c8001242971cfe009e4"	"57877670bd87a970be502c8001242971cfe009e4"	"apps/studio/js/verify-bundle.mjs"	"0859f1dc14ed37dfb5b0614942b35371951e561d"	"UNCHANGED_REVIEW_REQUIRED"
"apps/studio/scripts/ExportOptions.plist"	"56c504838f40edeb909e566e6dead7715d5243bc"	"56c504838f40edeb909e566e6dead7715d5243bc"	"apps/studio/scripts/ExportOptions.plist"	"56c504838f40edeb909e566e6dead7715d5243bc"	"IDENTICAL_REFERENCE"
"apps/studio/scripts/generate-appicon.swift"	"16ae86402cb4ed5ecac501096ada4808edb20869"	"16ae86402cb4ed5ecac501096ada4808edb20869"	"apps/studio/scripts/generate-appicon.swift"	"261639be54e8e47dce523fb4bd0ffd0757f33f22"	"UNCHANGED_REVIEW_REQUIRED"
"apps/studio/scripts/release.sh"	"90c3e69dcbe6882029e33d269fe9ac6229674747"	"90c3e69dcbe6882029e33d269fe9ac6229674747"	"apps/studio/scripts/release.sh"	"f97c9ada951f9eeb03f5c8d9483016e7e1f427d6"	"UNCHANGED_REVIEW_REQUIRED"
